"","indiciaName","indiciaPrefTvk","broad.scale_habitat","indicator","indicator_type","wildflower"
"1","Alopecurus myosuroides","NHMSYS0000455779","Arable margins","y","negative",""
"2","Heracleum mantegazzianum","NBNSYS0000003711","Broadleaved woodland, hedges and scrub","y","negative",""
"3","Spartina anglica","NHMSYS0000463855","Coast","y","negative",""
"4","Azolla filiculoides","NBNSYS0000002090","Freshwater","y","negative",""
"5","Crassula helmsii","NBNSYS0000004639","Freshwater","y","negative",""
"6","Glyceria maxima","NHMSYS0000459090","Freshwater","y","negative",""
"7","Myriophyllum aquaticum","NHMSYS0000460832","Freshwater","y","negative",""
"8","Deschampsia flexuosa","NBNSYS0000002623","Heathland","y","negative",""
"9","Agrostis capillaris","NBNSYS0000002638","Heathland","y","negative",""
"10","Anthoxanthum odoratum","NBNSYS0000002667","Heathland","y","negative",""
"11","Deschampsia flexuosa","NBNSYS0000002623","Lowland grassland","y","negative",""
"12","Brachypodium pinnatum s.l.","NHMSYS0021123603","Lowland grassland","y","negative",""
"13","Deschampsia flexuosa","NBNSYS0000002623","Upland grassland","y","negative",""
"14","Agrostis capillaris","NBNSYS0000002638","Upland grassland","y","negative",""
"15","Anthoxanthum odoratum","NBNSYS0000002667","Upland grassland","y","negative",""
"16","Cerastium glomeratum","NBNSYS0000003023","Arable margins","y","positive",""
"17","Medicago lupulina","NBNSYS0000003222","Arable margins","y","positive",""
"18","Aethusa cynapium","NBNSYS0000003696","Arable margins","y","positive",""
"19","Euphorbia exigua","NBNSYS0000003734","Arable margins","y","positive",""
"20","Chaenorhinum minus","NBNSYS0000004072","Arable margins","y","positive",""
"21","Kickxia spuria","NBNSYS0000004074","Arable margins","y","positive",""
"22","Lamium amplexicaule","NBNSYS0000004240","Arable margins","y","positive",""
"23","Anthemis cotula","NBNSYS0000004448","Arable margins","y","positive",""
"24","Sonchus arvensis","NBNSYS0000004542","Arable margins","y","positive",""
"25","Sonchus oleraceus","NBNSYS0000004543","Arable margins","y","positive",""
"26","Persicaria lapathifolia","NHMSYS0000461604","Arable margins","y","positive",""
"27","Tripleurospermum inodorum","NHMSYS0000464606","Arable margins","y","positive",""
"28","Glebionis segetum","NHMSYS0020110561","Arable margins","y","positive",""
"29","Matricaria recutita","NHMSYS0021128571","Arable margins","y","positive",""
"30","Juncus squarrosus","NBNSYS0000002210","Bog and wet heath","y","positive",""
"31","Luzula multiflora","NBNSYS0000002247","Bog and wet heath","y","positive",""
"32","Eriophorum angustifolium","NBNSYS0000002372","Bog and wet heath","y","positive",""
"33","Eriophorum vaginatum","NBNSYS0000002375","Bog and wet heath","y","positive",""
"34","Schoenus nigricans","NBNSYS0000002405","Bog and wet heath","y","positive",""
"35","Rhynchospora alba","NBNSYS0000002407","Bog and wet heath","y","positive",""
"36","Carex rostrata","NBNSYS0000002426","Bog and wet heath","y","positive",""
"37","Carex panicea","NBNSYS0000002436","Bog and wet heath","y","positive",""
"38","Carex limosa","NBNSYS0000002438","Bog and wet heath","y","positive",""
"39","Carex nigra","NBNSYS0000002460","Bog and wet heath","y","positive",""
"40","Carex echinata","NBNSYS0000002482","Bog and wet heath","y","positive",""
"41","Molinia caerulea","NBNSYS0000002499","Bog and wet heath","y","positive",""
"42","Deschampsia flexuosa","NBNSYS0000002623","Bog and wet heath","y","positive",""
"43","Nardus stricta","NBNSYS0000002676","Bog and wet heath","y","positive",""
"44","Rubus chamaemorus","NBNSYS0000003317","Bog and wet heath","y","positive",""
"45","Drosera intermedia","NBNSYS0000003522","Bog and wet heath","y","positive",""
"46","Myrica gale","NBNSYS0000003631","Bog and wet heath","y","positive",""
"47","Pedicularis sylvatica","NBNSYS0000004131","Bog and wet heath","y","positive",""
"48","Pinguicula lusitanica","NBNSYS0000004182","Bog and wet heath","y","positive",""
"49","Cirsium dissectum","NBNSYS0000004496","Bog and wet heath","y","positive",""
"50","Drosera anglica","NBNSYS0000146364","Bog and wet heath","y","positive",""
"51","Dactylorhiza maculata","NHMSYS0000457923","Bog and wet heath","y","positive",""
"52","Eleocharis multicaulis","NHMSYS0000458302","Bog and wet heath","y","positive",""
"53","Huperzia selago","NHMSYS0000459776","Bog and wet heath","y","positive",""
"54","Trichophorum caespitosum","NHMSYS0021007976","Bog and wet heath","y","positive",""
"55","Listera cordata","NHMSYS0021123729","Bog and wet heath","y","positive",""
"56","Ruscus aculeatus","NBNSYS0000002170","Broadleaved woodland, hedges and scrub","y","positive",""
"57","Scirpus sylvaticus","NBNSYS0000002382","Broadleaved woodland, hedges and scrub","y","positive",""
"58","Carex remota","NBNSYS0000002483","Broadleaved woodland, hedges and scrub","y","positive",""
"59","Milium effusum","NBNSYS0000002663","Broadleaved woodland, hedges and scrub","y","positive",""
"60","Euonymus europaeus","NBNSYS0000003195","Broadleaved woodland, hedges and scrub","y","positive",""
"61","Rhamnus cathartica","NBNSYS0000003198","Broadleaved woodland, hedges and scrub","y","positive",""
"62","Cytisus scoparius","NBNSYS0000003214","Broadleaved woodland, hedges and scrub","y","positive",""
"63","Daphne laureola","NBNSYS0000003531","Broadleaved woodland, hedges and scrub","y","positive",""
"64","Cornus sanguinea","NBNSYS0000003626","Broadleaved woodland, hedges and scrub","y","positive",""
"65","Chaerophyllum temulum","NBNSYS0000003638","Broadleaved woodland, hedges and scrub","y","positive",""
"66","Torilis japonica","NBNSYS0000003646","Broadleaved woodland, hedges and scrub","y","positive",""
"67","Cynoglossum officinale","NBNSYS0000003980","Broadleaved woodland, hedges and scrub","y","positive",""
"68","Veronica montana","NBNSYS0000004103","Broadleaved woodland, hedges and scrub","y","positive",""
"69","Scutellaria galericulata","NBNSYS0000004259","Broadleaved woodland, hedges and scrub","y","positive",""
"70","Campanula latifolia","NBNSYS0000004282","Broadleaved woodland, hedges and scrub","y","positive",""
"71","Campanula trachelium","NBNSYS0000004283","Broadleaved woodland, hedges and scrub","y","positive",""
"72","Jasione montana","NBNSYS0000004297","Broadleaved woodland, hedges and scrub","y","positive",""
"73","Solidago virgaurea","NBNSYS0000004417","Broadleaved woodland, hedges and scrub","y","positive",""
"74","Mycelis muralis","NBNSYS0000004539","Broadleaved woodland, hedges and scrub","y","positive",""
"75","Crepis paludosa","NBNSYS0000004578","Broadleaved woodland, hedges and scrub","y","positive",""
"76","Berula erecta","NHMSYS0000456451","Broadleaved woodland, hedges and scrub","y","positive",""
"77","Carex sylvatica","NHMSYS0000456899","Broadleaved woodland, hedges and scrub","y","positive",""
"78","Hypericum tetrapterum","NHMSYS0000459860","Broadleaved woodland, hedges and scrub","y","positive",""
"79","Petasites hybridus","NHMSYS0000461631","Broadleaved woodland, hedges and scrub","y","positive",""
"80","Neottia ovata","NHMSYS0021005429","Broadleaved woodland, hedges and scrub","y","positive",""
"81","Equisetum palustre","NBNSYS0000002018","Coast","y","positive",""
"82","Equisetum arvense","NBNSYS0000002022","Coast","y","positive",""
"83","Triglochin maritimum","NBNSYS0000002121","Coast","y","positive",""
"84","Juncus gerardii","NBNSYS0000002214","Coast","y","positive",""
"85","Carex pulicaris","NBNSYS0000002492","Coast","y","positive",""
"86","Holcus lanatus","NBNSYS0000002619","Coast","y","positive",""
"87","Ammophila arenaria","NBNSYS0000002629","Coast","y","positive",""
"88","Alopecurus geniculatus","NBNSYS0000002657","Coast","y","positive",""
"89","Thalictrum minus","NBNSYS0000002746","Coast","y","positive",""
"90","Silene uniflora","NBNSYS0000002987","Coast","y","positive",""
"91","Cerastium arvense","NBNSYS0000003017","Coast","y","positive",""
"92","Sagina nodosa","NBNSYS0000003051","Coast","y","positive",""
"93","Honckenya peploides","NBNSYS0000003057","Coast","y","positive",""
"94","Spergularia marina","NBNSYS0000003072","Coast","y","positive",""
"95","Atriplex portulacoides","NBNSYS0000003119","Coast","y","positive",""
"96","Suaeda maritima","NBNSYS0000003121","Coast","y","positive",""
"97","Geranium sanguineum","NBNSYS0000003153","Coast","y","positive",""
"98","Genista tinctoria","NBNSYS0000003206","Coast","y","positive",""
"99","Medicago lupulina","NBNSYS0000003222","Coast","y","positive",""
"100","Trifolium striatum","NBNSYS0000003239","Coast","y","positive",""
"101","Trifolium fragiferum","NBNSYS0000003248","Coast","y","positive",""
"102","Sedum acre","NBNSYS0000003477","Coast","y","positive",""
"103","Ligusticum scoticum","NBNSYS0000003702","Coast","y","positive",""
"104","Glaux maritima","NBNSYS0000003946","Coast","y","positive",""
"105","Odontites vernus","NBNSYS0000004164","Coast","y","positive",""
"106","Salvia verbenaca","NBNSYS0000004222","Coast","y","positive",""
"107","Jasione montana","NBNSYS0000004297","Coast","y","positive",""
"108","Valerianella locusta","NBNSYS0000004337","Coast","y","positive",""
"109","Senecio erucifolius","NBNSYS0000004366","Coast","y","positive",""
"110","Carlina vulgaris","NBNSYS0000004478","Coast","y","positive",""
"111","Hypochaeris radicata","NBNSYS0000004518","Coast","y","positive",""
"112","Picris echioides","NBNSYS0000004525","Coast","y","positive",""
"113","Lactuca serriola","NBNSYS0000004534","Coast","y","positive",""
"114","Sonchus arvensis","NBNSYS0000004542","Coast","y","positive",""
"115","Sonchus asper","NBNSYS0000004544","Coast","y","positive",""
"116","Sagina apetala","NBNSYS0000004655","Coast","y","positive",""
"117","Bromus hordeaceus","NBNSYS0000004689","Coast","y","positive",""
"118","Carex arenaria","NHMSYS0000352601","Coast","y","positive",""
"119","Carex flacca","NHMSYS0000456850","Coast","y","positive",""
"120","Elytrigia atherica","NHMSYS0000458356","Coast","y","positive",""
"121","Filago minima","NHMSYS0000458842","Coast","y","positive",""
"122","Gentianella amarella","NHMSYS0000459016","Coast","y","positive",""
"123","Puccinellia maritima","NHMSYS0000462136","Coast","y","positive",""
"124","Spergularia media","NHMSYS0000463881","Coast","y","positive",""
"125","Equisetum fluviatile","NBNSYS0000002016","Freshwater","y","positive",""
"126","Butomus umbellatus","NBNSYS0000002108","Freshwater","y","positive",""
"127","Potamogeton perfoliatus","NBNSYS0000002134","Freshwater","y","positive",""
"128","Lemna gibba","NBNSYS0000002359","Freshwater","y","positive",""
"129","Sparganium erectum","NBNSYS0000002361","Freshwater","y","positive",""
"130","Schoenoplectus lacustris","NBNSYS0000002386","Freshwater","y","positive",""
"131","Carex rostrata","NBNSYS0000002426","Freshwater","y","positive",""
"132","Carex otrubae","NBNSYS0000002467","Freshwater","y","positive",""
"133","Thalictrum flavum","NBNSYS0000002744","Freshwater","y","positive",""
"134","Rorippa nasturtium-aquaticum","NBNSYS0000002894","Freshwater","y","positive",""
"135","Apium nodiflorum","NBNSYS0000003666","Freshwater","y","positive",""
"136","Hottonia palustris","NBNSYS0000003932","Freshwater","y","positive",""
"137","Symphytum officinale","NBNSYS0000003984","Freshwater","y","positive",""
"138","Veronica beccabunga","NBNSYS0000004096","Freshwater","y","positive",""
"139","Pedicularis palustris","NBNSYS0000004130","Freshwater","y","positive",""
"140","Stachys palustris","NBNSYS0000004234","Freshwater","y","positive",""
"141","Lobelia dortmanna","NBNSYS0000004299","Freshwater","y","positive",""
"142","Galium palustre","NBNSYS0000004313","Freshwater","y","positive",""
"143","Bidens tripartita","NBNSYS0000004355","Freshwater","y","positive",""
"144","Berula erecta","NHMSYS0000456451","Freshwater","y","positive",""
"145","Eleocharis multicaulis","NHMSYS0000458302","Freshwater","y","positive",""
"146","Rumex hydrolapathum","NHMSYS0000462978","Freshwater","y","positive",""
"147","Spirodela polyrhiza","NHMSYS0000463934","Freshwater","y","positive",""
"148","Lycopodium clavatum","NBNSYS0000002003","Heathland","y","positive",""
"149","Diphasiastrum alpinum","NBNSYS0000002004","Heathland","y","positive",""
"150","Platanthera bifolia","NBNSYS0000002313","Heathland","y","positive",""
"151","Deschampsia flexuosa","NBNSYS0000002623","Heathland","y","positive",""
"152","Nardus stricta","NBNSYS0000002676","Heathland","y","positive",""
"153","Genista anglica","NBNSYS0000003207","Heathland","y","positive",""
"154","Pedicularis sylvatica","NBNSYS0000004131","Heathland","y","positive",""
"155","Melampyrum pratense","NBNSYS0000004138","Heathland","y","positive",""
"156","Jasione montana","NBNSYS0000004297","Heathland","y","positive",""
"157","Serratula tinctoria","NBNSYS0000004513","Heathland","y","positive",""
"158","Hypochaeris radicata","NBNSYS0000004518","Heathland","y","positive",""
"159","Arctostaphylos uva-ursi","NHMSYS0000456036","Heathland","y","positive",""
"160","Carex bigelowii","NHMSYS0000456832","Heathland","y","positive",""
"161","Dactylorhiza maculata","NHMSYS0000457923","Heathland","y","positive",""
"162","Huperzia selago","NHMSYS0000459776","Heathland","y","positive",""
"163","Luzula sylvatica","NHMSYS0000460501","Heathland","y","positive",""
"164","Sedum anglicum","NHMSYS0000463381","Heathland","y","positive",""
"165","Triglochin palustre","NBNSYS0000002120","Lowland grassland","y","positive",""
"166","Juncus squarrosus","NBNSYS0000002210","Lowland grassland","y","positive",""
"167","Helictotrichon pratense","NBNSYS0000002616","Lowland grassland","y","positive",""
"168","Holcus lanatus","NBNSYS0000002619","Lowland grassland","y","positive",""
"169","Alopecurus geniculatus","NBNSYS0000002657","Lowland grassland","y","positive",""
"170","Anthoxanthum odoratum","NBNSYS0000002667","Lowland grassland","y","positive",""
"171","Phalaris arundinacea","NBNSYS0000002669","Lowland grassland","y","positive",""
"172","Nardus stricta","NBNSYS0000002676","Lowland grassland","y","positive",""
"173","Cerastium arvense","NBNSYS0000003017","Lowland grassland","y","positive",""
"174","Geranium sylvaticum","NBNSYS0000003148","Lowland grassland","y","positive",""
"175","Trifolium dubium","NBNSYS0000003252","Lowland grassland","y","positive",""
"176","Ornithopus perpusillus","NBNSYS0000003274","Lowland grassland","y","positive",""
"177","Agrimonia eupatoria","NBNSYS0000003366","Lowland grassland","y","positive",""
"178","Conopodium majus","NBNSYS0000003681","Lowland grassland","y","positive",""
"179","Silaum silaus","NBNSYS0000003699","Lowland grassland","y","positive",""
"180","Pastinaca sativa","NBNSYS0000003709","Lowland grassland","y","positive",""
"181","Symphytum officinale","NBNSYS0000003984","Lowland grassland","y","positive",""
"182","Galium palustre","NBNSYS0000004313","Lowland grassland","y","positive",""
"183","Scabiosa columbaria","NBNSYS0000004350","Lowland grassland","y","positive",""
"184","Inula conyzae","NBNSYS0000004397","Lowland grassland","y","positive",""
"185","Carduus nutans","NBNSYS0000004486","Lowland grassland","y","positive",""
"186","Hypochaeris radicata","NBNSYS0000004518","Lowland grassland","y","positive",""
"187","Sonchus arvensis","NBNSYS0000004542","Lowland grassland","y","positive",""
"188","Daucus carota","NBNSYS0000014362","Lowland grassland","y","positive",""
"189","Bromopsis erecta","NHMSYS0000456650","Lowland grassland","y","positive",""
"190","Dactylorhiza fuchsii","NHMSYS0000457901","Lowland grassland","y","positive",""
"191","Filago minima","NHMSYS0000458842","Lowland grassland","y","positive",""
"192","Gymnadenia conopsea","NHMSYS0000459168","Lowland grassland","y","positive",""
"193","Hordeum secalinum","NHMSYS0000459754","Lowland grassland","y","positive",""
"194","Knautia arvensis","NHMSYS0000460024","Lowland grassland","y","positive",""
"195","Pimpinella major","NHMSYS0000461691","Lowland grassland","y","positive",""
"196","Sedum anglicum","NHMSYS0000463381","Lowland grassland","y","positive",""
"197","Spergularia rubra","NHMSYS0000463883","Lowland grassland","y","positive",""
"198","Trifolium campestre","NHMSYS0000464564","Lowland grassland","y","positive",""
"199","Schoenus nigricans","NBNSYS0000002405","Marsh and fen","y","positive",""
"200","Rhynchospora alba","NBNSYS0000002407","Marsh and fen","y","positive",""
"201","Carex rostrata","NBNSYS0000002426","Marsh and fen","y","positive",""
"202","Deschampsia flexuosa","NBNSYS0000002623","Marsh and fen","y","positive",""
"203","Nardus stricta","NBNSYS0000002676","Marsh and fen","y","positive",""
"204","Rorippa palustris","NBNSYS0000002897","Marsh and fen","y","positive",""
"205","Hypericum elodes","NBNSYS0000002969","Marsh and fen","y","positive",""
"206","Sagina nodosa","NBNSYS0000003051","Marsh and fen","y","positive",""
"207","Montia fontana","NBNSYS0000003074","Marsh and fen","y","positive",""
"208","Saxifraga aizoides","NBNSYS0000003506","Marsh and fen","y","positive",""
"209","Myrica gale","NBNSYS0000003631","Marsh and fen","y","positive",""
"210","Pinguicula lusitanica","NBNSYS0000004182","Marsh and fen","y","positive",""
"211","Scutellaria galericulata","NBNSYS0000004259","Marsh and fen","y","positive",""
"212","Senecio aquaticus","NBNSYS0000004365","Marsh and fen","y","positive",""
"213","Cirsium dissectum","NBNSYS0000004496","Marsh and fen","y","positive",""
"214","Crepis paludosa","NBNSYS0000004578","Marsh and fen","y","positive",""
"215","Dactylorhiza praetermissa","NHMSYS0000457949","Marsh and fen","y","positive",""
"216","Rumex hydrolapathum","NHMSYS0000462978","Marsh and fen","y","positive",""
"217","Gymnocarpium dryopteris","NBNSYS0000002083","Native pinewood and juniper scrub","y","positive",""
"218","Deschampsia flexuosa","NBNSYS0000002623","Native pinewood and juniper scrub","y","positive",""
"219","Anthoxanthum odoratum","NBNSYS0000002667","Native pinewood and juniper scrub","y","positive",""
"220","Rubus saxatilis","NBNSYS0000003318","Native pinewood and juniper scrub","y","positive",""
"221","Trientalis europaea","NBNSYS0000003941","Native pinewood and juniper scrub","y","positive",""
"222","Melampyrum pratense","NBNSYS0000004138","Native pinewood and juniper scrub","y","positive",""
"223","Lathyrus linifolius","NHMSYS0000460181","Native pinewood and juniper scrub","y","positive",""
"224","Oreopteris limbosperma","NHMSYS0000461356","Native pinewood and juniper scrub","y","positive",""
"225","Asplenium ruta-muraria","NBNSYS0000002050","Rock outcrops, cliffs and scree","y","positive",""
"226","Cystopteris fragilis","NBNSYS0000002058","Rock outcrops, cliffs and scree","y","positive",""
"227","Gymnocarpium dryopteris","NBNSYS0000002083","Rock outcrops, cliffs and scree","y","positive",""
"228","Deschampsia flexuosa","NBNSYS0000002623","Rock outcrops, cliffs and scree","y","positive",""
"229","Anthoxanthum odoratum","NBNSYS0000002667","Rock outcrops, cliffs and scree","y","positive",""
"230","Nardus stricta","NBNSYS0000002676","Rock outcrops, cliffs and scree","y","positive",""
"231","Arabis hirsuta","NBNSYS0000002889","Rock outcrops, cliffs and scree","y","positive",""
"232","Viola hirta","NBNSYS0000002926","Rock outcrops, cliffs and scree","y","positive",""
"233","Minuartia verna","NBNSYS0000003052","Rock outcrops, cliffs and scree","y","positive",""
"234","Rubus saxatilis","NBNSYS0000003318","Rock outcrops, cliffs and scree","y","positive",""
"235","Saxifraga stellaris","NBNSYS0000003490","Rock outcrops, cliffs and scree","y","positive",""
"236","Saxifraga hypnoides","NBNSYS0000003505","Rock outcrops, cliffs and scree","y","positive",""
"237","Saxifraga aizoides","NBNSYS0000003506","Rock outcrops, cliffs and scree","y","positive",""
"238","Clinopodium acinos","NBNSYS0000004216","Rock outcrops, cliffs and scree","y","positive",""
"239","Galium sterneri","NBNSYS0000004312","Rock outcrops, cliffs and scree","y","positive",""
"240","Mycelis muralis","NBNSYS0000004539","Rock outcrops, cliffs and scree","y","positive",""
"241","Coeloglossum viride","NHMSYS0000457408","Rock outcrops, cliffs and scree","y","positive",""
"242","Persicaria vivipara","NHMSYS0000461615","Rock outcrops, cliffs and scree","y","positive",""
"243","Diphasiastrum alpinum","NBNSYS0000002004","Upland grassland","y","positive",""
"244","Luzula multiflora","NBNSYS0000002247","Upland grassland","y","positive",""
"245","Carex echinata","NBNSYS0000002482","Upland grassland","y","positive",""
"246","Carex pulicaris","NBNSYS0000002492","Upland grassland","y","positive",""
"247","Helictotrichon pratense","NBNSYS0000002616","Upland grassland","y","positive",""
"248","Viola hirta","NBNSYS0000002926","Upland grassland","y","positive",""
"249","Geranium sylvaticum","NBNSYS0000003148","Upland grassland","y","positive",""
"250","Saxifraga stellaris","NBNSYS0000003490","Upland grassland","y","positive",""
"251","Saxifraga hypnoides","NBNSYS0000003505","Upland grassland","y","positive",""
"252","Galium boreale","NBNSYS0000004307","Upland grassland","y","positive",""
"253","Galium sterneri","NBNSYS0000004312","Upland grassland","y","positive",""
"254","Cirsium heterophyllum","NBNSYS0000004495","Upland grassland","y","positive",""
"255","Carex bigelowii","NHMSYS0000456832","Upland grassland","y","positive",""
"256","Coeloglossum viride","NHMSYS0000457408","Upland grassland","y","positive",""
"257","Gentianella amarella","NHMSYS0000459016","Upland grassland","y","positive",""
"258","Huperzia selago","NHMSYS0000459776","Upland grassland","y","positive",""
"259","Oreopteris limbosperma","NHMSYS0000461356","Upland grassland","y","positive",""
"260","Persicaria vivipara","NHMSYS0000461615","Upland grassland","y","positive",""
"261","Viola lutea","NHMSYS0000464889","Upland grassland","y","positive",""
"262","Urtica dioica","NBNSYS0000003807","Arable margins","y","negative","y"
"263","Galium aparine","NBNSYS0000004319","Arable margins","y","negative","y"
"264","Cirsium arvense","NBNSYS0000004492","Arable margins","y","negative","y"
"265","Stellaria media","NHMSYS0000464009","Arable margins","y","negative","y"
"266","Urtica dioica","NBNSYS0000003807","Bog and wet heath","y","negative","y"
"267","Cirsium arvense","NBNSYS0000004492","Bog and wet heath","y","negative","y"
"268","Betula pubescens/pendula","NHMSYS0021123549","Bog and wet heath","y","negative","y"
"269","Conifer seedlings/saplings","NHMSYS0021123555","Bog and wet heath","y","negative","y"
"270","Juncus inflexus/effusus/conglomeratus","NHMSYS0021123567","Bog and wet heath","y","negative","y"
"271","Impatiens glandulifera","NBNSYS0000003189","Broadleaved woodland, hedges and scrub","y","negative","y"
"272","Rubus fruticosus agg.","NBNSYS0000003328","Broadleaved woodland, hedges and scrub","y","negative","y"
"273","Hedera helix","NBNSYS0000003630","Broadleaved woodland, hedges and scrub","y","negative","y"
"274","Anthriscus sylvestris","NBNSYS0000003641","Broadleaved woodland, hedges and scrub","y","negative","y"
"275","Urtica dioica","NBNSYS0000003807","Broadleaved woodland, hedges and scrub","y","negative","y"
"276","Rhododendron ponticum","NBNSYS0000003888","Broadleaved woodland, hedges and scrub","y","negative","y"
"277","Galium aparine","NBNSYS0000004319","Broadleaved woodland, hedges and scrub","y","negative","y"
"278","Lysichiton americanus","NHMSYS0000460540","Broadleaved woodland, hedges and scrub","y","negative","y"
"279","Symphoricarpos albus","NHMSYS0000464104","Broadleaved woodland, hedges and scrub","y","negative","y"
"280","Ulex europaeus","NBNSYS0000003211","Coast","y","negative","y"
"281","Rubus fruticosus agg.","NBNSYS0000003328","Coast","y","negative","y"
"282","Prunus spinosa","NBNSYS0000003412","Coast","y","negative","y"
"283","Rumex crispus","NBNSYS0000003789","Coast","y","negative","y"
"284","Urtica dioica","NBNSYS0000003807","Coast","y","negative","y"
"285","Galium aparine","NBNSYS0000004319","Coast","y","negative","y"
"286","Senecio jacobaea","NBNSYS0000004364","Coast","y","negative","y"
"287","Cirsium arvense","NBNSYS0000004492","Coast","y","negative","y"
"288","Carpobrotus edulis","NHMSYS0000456945","Coast","y","negative","y"
"289","Rosa rugosa","NHMSYS0000462477","Coast","y","negative","y"
"290","Rumex crispus/obtusifolius","NHMSYS0021123579","Coast","y","negative","y"
"291","Elodea canadensis/nutallii","NHMSYS0021123561","Freshwater","y","negative","y"
"292","Pteridium aquilinum","NBNSYS0000002031","Heathland","y","negative","y"
"293","Rubus fruticosus agg.","NBNSYS0000003328","Heathland","y","negative","y"
"294","Urtica dioica","NBNSYS0000003807","Heathland","y","negative","y"
"295","Cirsium arvense","NBNSYS0000004492","Heathland","y","negative","y"
"296","Betula pubescens/pendula","NHMSYS0021123549","Heathland","y","negative","y"
"297","Pteridium aquilinum","NBNSYS0000002031","Lowland grassland","y","negative","y"
"298","Ulex europaeus","NBNSYS0000003211","Lowland grassland","y","negative","y"
"299","Crataegus monogyna","NBNSYS0000003430","Lowland grassland","y","negative","y"
"300","Rumex crispus","NBNSYS0000003789","Lowland grassland","y","negative","y"
"301","Urtica dioica","NBNSYS0000003807","Lowland grassland","y","negative","y"
"302","Galium aparine","NBNSYS0000004319","Lowland grassland","y","negative","y"
"303","Senecio jacobaea","NBNSYS0000004364","Lowland grassland","y","negative","y"
"304","Cirsium arvense","NBNSYS0000004492","Lowland grassland","y","negative","y"
"305","Juncus inflexus/effusus/conglomeratus","NHMSYS0021123567","Lowland grassland","y","negative","y"
"306","Rumex crispus/obtusifolius","NHMSYS0021123579","Lowland grassland","y","negative","y"
"307","Impatiens glandulifera","NBNSYS0000003189","Marsh and fen","y","negative","y"
"308","Rumex crispus","NBNSYS0000003789","Marsh and fen","y","negative","y"
"309","Urtica dioica","NBNSYS0000003807","Marsh and fen","y","negative","y"
"310","Deschampsia cespitosa","NHMSYS0000458048","Marsh and fen","y","negative","y"
"311","Juncus inflexus/effusus/conglomeratus","NHMSYS0021123567","Marsh and fen","y","negative","y"
"312","Rumex crispus/obtusifolius","NHMSYS0021123579","Marsh and fen","y","negative","y"
"313","Pteridium aquilinum","NBNSYS0000002031","Native pinewood and juniper scrub","y","negative","y"
"314","Urtica dioica","NBNSYS0000003807","Native pinewood and juniper scrub","y","negative","y"
"315","Rhododendron ponticum","NBNSYS0000003888","Native pinewood and juniper scrub","y","negative","y"
"316","Cirsium arvense","NBNSYS0000004492","Native pinewood and juniper scrub","y","negative","y"
"317","Conifer seedlings/saplings","NHMSYS0021123555","Native pinewood and juniper scrub","y","negative","y"
"318","Rubus fruticosus agg.","NBNSYS0000003328","Rock outcrops, cliffs and scree","y","negative","y"
"319","Rumex crispus","NBNSYS0000003789","Rock outcrops, cliffs and scree","y","negative","y"
"320","Urtica dioica","NBNSYS0000003807","Rock outcrops, cliffs and scree","y","negative","y"
"321","Centranthus ruber","NBNSYS0000004346","Rock outcrops, cliffs and scree","y","negative","y"
"322","Senecio jacobaea","NBNSYS0000004364","Rock outcrops, cliffs and scree","y","negative","y"
"323","Cirsium arvense","NBNSYS0000004492","Rock outcrops, cliffs and scree","y","negative","y"
"324","Buddleja davidii","NHMSYS0000456713","Rock outcrops, cliffs and scree","y","negative","y"
"325","Rumex crispus/obtusifolius","NHMSYS0021123579","Rock outcrops, cliffs and scree","y","negative","y"
"326","Ranunculus repens","NBNSYS0000002709","Upland grassland","y","negative","y"
"327","Rumex crispus","NBNSYS0000003789","Upland grassland","y","negative","y"
"328","Urtica dioica","NBNSYS0000003807","Upland grassland","y","negative","y"
"329","Senecio jacobaea","NBNSYS0000004364","Upland grassland","y","negative","y"
"330","Cirsium arvense","NBNSYS0000004492","Upland grassland","y","negative","y"
"331","Rumex crispus/obtusifolius","NHMSYS0021123579","Upland grassland","y","negative","y"
"332","Reseda lutea","NBNSYS0000002920","Arable margins","y","positive","y"
"333","Viola arvensis","NBNSYS0000002947","Arable margins","y","positive","y"
"334","Vicia hirsuta","NBNSYS0000003280","Arable margins","y","positive","y"
"335","Euphorbia helioscopia","NBNSYS0000003732","Arable margins","y","positive","y"
"336","Anagallis arvensis","NBNSYS0000003943","Arable margins","y","positive","y"
"337","Kickxia elatine","NBNSYS0000004075","Arable margins","y","positive","y"
"338","Sherardia arvensis","NBNSYS0000004300","Arable margins","y","positive","y"
"339","Capsella bursa-pastoris","NHMSYS0000456781","Arable margins","y","positive","y"
"340","Chenopodium album","NHMSYS0000457251","Arable margins","y","positive","y"
"341","Fumaria","NHMSYS0000458904","Arable margins","y","positive","y"
"342","Silene latifolia","NHMSYS0000463572","Arable margins","y","positive","y"
"343","Blechnum spicant","NBNSYS0000002036","Bog and wet heath","y","positive","y"
"344","Viola palustris","NBNSYS0000002939","Bog and wet heath","y","positive","y"
"345","Potentilla erecta","NBNSYS0000003349","Bog and wet heath","y","positive","y"
"346","Drosera rotundifolia","NBNSYS0000003519","Bog and wet heath","y","positive","y"
"347","Calluna vulgaris","NBNSYS0000003902","Bog and wet heath","y","positive","y"
"348","Erica tetralix","NBNSYS0000003903","Bog and wet heath","y","positive","y"
"349","Erica cinerea","NBNSYS0000003909","Bog and wet heath","y","positive","y"
"350","Vaccinium vitis-idaea","NBNSYS0000003914","Bog and wet heath","y","positive","y"
"351","Vaccinium myrtillus","NBNSYS0000003915","Bog and wet heath","y","positive","y"
"352","Vaccinium oxycoccos","NBNSYS0000003918","Bog and wet heath","y","positive","y"
"353","Menyanthes trifoliata","NBNSYS0000003976","Bog and wet heath","y","positive","y"
"354","Pinguicula vulgaris","NBNSYS0000004184","Bog and wet heath","y","positive","y"
"355","Succisa pratensis","NBNSYS0000004352","Bog and wet heath","y","positive","y"
"356","Empetrum nigrum","NBNSYS0000004598","Bog and wet heath","y","positive","y"
"357","Narthecium ossifragum","NHMSYS0000460927","Bog and wet heath","y","positive","y"
"358","Potamogeton polygonifolius","NHMSYS0000461999","Bog and wet heath","y","positive","y"
"359","Scutellaria minor","NHMSYS0000463361","Bog and wet heath","y","positive","y"
"360","Ulex gallii","NHMSYS0000464695","Bog and wet heath","y","positive","y"
"361","Ulex gallii/minor","NHMSYS0021123591","Bog and wet heath","y","positive","y"
"362","Osmunda regalis","NBNSYS0000002027","Broadleaved woodland, hedges and scrub","y","positive","y"
"363","Phyllitis scolopendrium","NBNSYS0000002039","Broadleaved woodland, hedges and scrub","y","positive","y"
"364","Hyacinthoides non-scripta","NBNSYS0000002185","Broadleaved woodland, hedges and scrub","y","positive","y"
"365","Allium ursinum","NBNSYS0000002205","Broadleaved woodland, hedges and scrub","y","positive","y"
"366","Tamus communis","NBNSYS0000002282","Broadleaved woodland, hedges and scrub","y","positive","y"
"367","Arum maculatum","NBNSYS0000002351","Broadleaved woodland, hedges and scrub","y","positive","y"
"368","Melica uniflora","NBNSYS0000002568","Broadleaved woodland, hedges and scrub","y","positive","y"
"369","Caltha palustris","NBNSYS0000002691","Broadleaved woodland, hedges and scrub","y","positive","y"
"370","Clematis vitalba","NBNSYS0000002704","Broadleaved woodland, hedges and scrub","y","positive","y"
"371","Silene dioica","NBNSYS0000002998","Broadleaved woodland, hedges and scrub","y","positive","y"
"372","Stellaria holostea","NBNSYS0000003035","Broadleaved woodland, hedges and scrub","y","positive","y"
"373","Stellaria graminea","NBNSYS0000003037","Broadleaved woodland, hedges and scrub","y","positive","y"
"374","Moehringia trinervia","NBNSYS0000003058","Broadleaved woodland, hedges and scrub","y","positive","y"
"375","Ilex aquifolium","NBNSYS0000003194","Broadleaved woodland, hedges and scrub","y","positive","y"
"376","Potentilla sterilis","NBNSYS0000003339","Broadleaved woodland, hedges and scrub","y","positive","y"
"377","Geum urbanum","NBNSYS0000003361","Broadleaved woodland, hedges and scrub","y","positive","y"
"378","Prunus spinosa","NBNSYS0000003412","Broadleaved woodland, hedges and scrub","y","positive","y"
"379","Crataegus monogyna","NBNSYS0000003430","Broadleaved woodland, hedges and scrub","y","positive","y"
"380","Lythrum salicaria","NBNSYS0000003524","Broadleaved woodland, hedges and scrub","y","positive","y"
"381","Circaea lutetiana","NBNSYS0000003604","Broadleaved woodland, hedges and scrub","y","positive","y"
"382","Hedera helix","NBNSYS0000003630","Broadleaved woodland, hedges and scrub","y","positive","y"
"383","Hydrocotyle vulgaris","NBNSYS0000003633","Broadleaved woodland, hedges and scrub","y","positive","y"
"384","Sanicula europaea","NBNSYS0000003634","Broadleaved woodland, hedges and scrub","y","positive","y"
"385","Heracleum sphondylium","NBNSYS0000003710","Broadleaved woodland, hedges and scrub","y","positive","y"
"386","Mercurialis perennis","NBNSYS0000003721","Broadleaved woodland, hedges and scrub","y","positive","y"
"387","Euphorbia amygdaloides","NBNSYS0000003741","Broadleaved woodland, hedges and scrub","y","positive","y"
"388","Corylus avellana","NBNSYS0000003839","Broadleaved woodland, hedges and scrub","y","positive","y"
"389","Lysimachia nemorum","NBNSYS0000003934","Broadleaved woodland, hedges and scrub","y","positive","y"
"390","Digitalis purpurea","NBNSYS0000004094","Broadleaved woodland, hedges and scrub","y","positive","y"
"391","Lycopus europaeus","NBNSYS0000004206","Broadleaved woodland, hedges and scrub","y","positive","y"
"392","Glechoma hederacea","NBNSYS0000004257","Broadleaved woodland, hedges and scrub","y","positive","y"
"393","Teucrium scorodonia","NBNSYS0000004267","Broadleaved woodland, hedges and scrub","y","positive","y"
"394","Ajuga reptans","NBNSYS0000004269","Broadleaved woodland, hedges and scrub","y","positive","y"
"395","Galium odoratum","NBNSYS0000004306","Broadleaved woodland, hedges and scrub","y","positive","y"
"396","Lonicera periclymenum","NBNSYS0000004333","Broadleaved woodland, hedges and scrub","y","positive","y"
"397","Valeriana dioica","NBNSYS0000004345","Broadleaved woodland, hedges and scrub","y","positive","y"
"398","Carex pendula","NHMSYS0000456886","Broadleaved woodland, hedges and scrub","y","positive","y"
"399","Ceratocapnos claviculata","NHMSYS0000457085","Broadleaved woodland, hedges and scrub","y","positive","y"
"400","Lamium galeobdolon","NHMSYS0000460080","Broadleaved woodland, hedges and scrub","y","positive","y"
"401","Viola riviniana","NHMSYS0000464897","Broadleaved woodland, hedges and scrub","y","positive","y"
"402","Viola reichenbachiana/riviniana","NHMSYS0020083544","Broadleaved woodland, hedges and scrub","y","positive","y"
"403","Arctium minus/nemorosum","NHMSYS0021123609","Broadleaved woodland, hedges and scrub","y","positive","y"
"404","Ophioglossum vulgatum","NBNSYS0000002095","Coast","y","positive","y"
"405","Hyacinthoides non-scripta","NBNSYS0000002185","Coast","y","positive","y"
"406","Ranunculus acris","NBNSYS0000002708","Coast","y","positive","y"
"407","Ranunculus repens","NBNSYS0000002709","Coast","y","positive","y"
"408","Ranunculus bulbosus","NBNSYS0000002710","Coast","y","positive","y"
"409","Glaucium flavum","NBNSYS0000002774","Coast","y","positive","y"
"410","Crambe maritima","NBNSYS0000002821","Coast","y","positive","y"
"411","Cerastium fontanum","NBNSYS0000003022","Coast","y","positive","y"
"412","Beta vulgaris","NBNSYS0000003106","Coast","y","positive","y"
"413","Linum catharticum","NBNSYS0000003145","Coast","y","positive","y"
"414","Geranium robertianum","NBNSYS0000003162","Coast","y","positive","y"
"415","Trifolium pratense","NBNSYS0000003231","Coast","y","positive","y"
"416","Trifolium repens","NBNSYS0000003247","Coast","y","positive","y"
"417","Lotus corniculatus","NBNSYS0000003258","Coast","y","positive","y"
"418","Vicia cracca","NBNSYS0000003283","Coast","y","positive","y"
"419","Potentilla erecta","NBNSYS0000003349","Coast","y","positive","y"
"420","Potentilla reptans","NBNSYS0000003354","Coast","y","positive","y"
"421","Hydrocotyle vulgaris","NBNSYS0000003633","Coast","y","positive","y"
"422","Apium graveolens","NBNSYS0000003663","Coast","y","positive","y"
"423","Crithmum maritimum","NBNSYS0000003687","Coast","y","positive","y"
"424","Angelica sylvestris","NBNSYS0000003703","Coast","y","positive","y"
"425","Heracleum sphondylium","NBNSYS0000003710","Coast","y","positive","y"
"426","Rumex acetosella","NBNSYS0000003774","Coast","y","positive","y"
"427","Rumex crispus","NBNSYS0000003789","Coast","y","positive","y"
"428","Salix repens","NBNSYS0000003877","Coast","y","positive","y"
"429","Calluna vulgaris","NBNSYS0000003902","Coast","y","positive","y"
"430","Erica cinerea","NBNSYS0000003909","Coast","y","positive","y"
"431","Lysimachia vulgaris","NBNSYS0000003936","Coast","y","positive","y"
"432","Solanum dulcamara","NBNSYS0000004037","Coast","y","positive","y"
"433","Rhinanthus minor","NBNSYS0000004135","Coast","y","positive","y"
"434","Prunella vulgaris","NBNSYS0000004225","Coast","y","positive","y"
"435","Plantago lanceolata","NBNSYS0000004275","Coast","y","positive","y"
"436","Plantago maritima","NBNSYS0000004276","Coast","y","positive","y"
"437","Plantago coronopus","NBNSYS0000004277","Coast","y","positive","y"
"438","Galium verum","NBNSYS0000004309","Coast","y","positive","y"
"439","Succisa pratensis","NBNSYS0000004352","Coast","y","positive","y"
"440","Senecio jacobaea","NBNSYS0000004364","Coast","y","positive","y"
"441","Aster tripolium","NBNSYS0000004422","Coast","y","positive","y"
"442","Bellis perennis","NBNSYS0000004445","Coast","y","positive","y"
"443","Achillea millefolium","NBNSYS0000004451","Coast","y","positive","y"
"444","Leucanthemum vulgare","NBNSYS0000004464","Coast","y","positive","y"
"445","Cirsium vulgare","NBNSYS0000004490","Coast","y","positive","y"
"446","Centaurea scabiosa","NBNSYS0000004501","Coast","y","positive","y"
"447","Silene flos-cuculi","NBNSYS0000156751","Coast","y","positive","y"
"448","Atriplex","NHMSYS0000456279","Coast","y","positive","y"
"449","Calystegia sepium","NHMSYS0000456325","Coast","y","positive","y"
"450","Blackstonia perfoliata","NHMSYS0000456502","Coast","y","positive","y"
"451","Cochlearia","NHMSYS0000457389","Coast","y","positive","y"
"452","Helianthemum nummularium","NHMSYS0000459266","Coast","y","positive","y"
"453","Limonium","NHMSYS0000460350","Coast","y","positive","y"
"454","Pilosella officinarum","NHMSYS0000461280","Coast","y","positive","y"
"455","Sanguisorba minor","NHMSYS0000462046","Coast","y","positive","y"
"456","Thymus polytrichus","NHMSYS0000464447","Coast","y","positive","y"
"457","Armeria maritima","NHMSYS0021060385","Coast","y","positive","y"
"458","Potentilla anserina","NHMSYS0021060392","Coast","y","positive","y"
"459","Polygala serpyllifolia/vulgaris","NHMSYS0021123573","Coast","y","positive","y"
"460","Thymus polytrichus/pulegioides","NHMSYS0021123585","Coast","y","positive","y"
"461","Alisma plantago-aquatica","NBNSYS0000002101","Freshwater","y","positive","y"
"462","Sagittaria sagittifolia","NBNSYS0000002105","Freshwater","y","positive","y"
"463","Hydrocharis morsus-ranae","NBNSYS0000002109","Freshwater","y","positive","y"
"464","Potamogeton crispus","NBNSYS0000002144","Freshwater","y","positive","y"
"465","Iris pseudacorus","NBNSYS0000002269","Freshwater","y","positive","y"
"466","Lemna trisulca","NBNSYS0000002357","Freshwater","y","positive","y"
"467","Typha latifolia","NBNSYS0000002369","Freshwater","y","positive","y"
"468","Carex paniculata","NBNSYS0000002464","Freshwater","y","positive","y"
"469","Ranunculus sceleratus","NBNSYS0000002721","Freshwater","y","positive","y"
"470","Nymphaea alba","NBNSYS0000002757","Freshwater","y","positive","y"
"471","Lotus pedunculatus","NBNSYS0000003260","Freshwater","y","positive","y"
"472","Vicia cracca","NBNSYS0000003283","Freshwater","y","positive","y"
"473","Potentilla palustris","NBNSYS0000003338","Freshwater","y","positive","y"
"474","Hippuris vulgaris","NBNSYS0000003614","Freshwater","y","positive","y"
"475","Hydrocotyle vulgaris","NBNSYS0000003633","Freshwater","y","positive","y"
"476","Persicaria bistorta","NBNSYS0000003750","Freshwater","y","positive","y"
"477","Lysimachia vulgaris","NBNSYS0000003936","Freshwater","y","positive","y"
"478","Menyanthes trifoliata","NBNSYS0000003976","Freshwater","y","positive","y"
"479","Solanum dulcamara","NBNSYS0000004037","Freshwater","y","positive","y"
"480","Mentha aquatica","NBNSYS0000004198","Freshwater","y","positive","y"
"481","Littorella uniflora","NBNSYS0000004280","Freshwater","y","positive","y"
"482","Silene flos-cuculi","NBNSYS0000156751","Freshwater","y","positive","y"
"483","Alnus glutinosa","NHMSYS0000455771","Freshwater","y","positive","y"
"484","Nuphar lutea","NHMSYS0000461107","Freshwater","y","positive","y"
"485","Persicaria amphibia","NHMSYS0000461597","Freshwater","y","positive","y"
"486","Dipsacus fullonum","NHMSYS0000523214","Freshwater","y","positive","y"
"487","Potentilla anserina","NHMSYS0021060392","Freshwater","y","positive","y"
"488","Ranunculus spp. (water-crowfoots)","NHMSYS0021123597","Freshwater","y","positive","y"
"489","Anemone nemorosa","NBNSYS0000002700","Heathland","y","positive","y"
"490","Cerastium fontanum","NBNSYS0000003022","Heathland","y","positive","y"
"491","Linum catharticum","NBNSYS0000003145","Heathland","y","positive","y"
"492","Lotus corniculatus","NBNSYS0000003258","Heathland","y","positive","y"
"493","Rumex acetosella","NBNSYS0000003774","Heathland","y","positive","y"
"494","Calluna vulgaris","NBNSYS0000003902","Heathland","y","positive","y"
"495","Erica cinerea","NBNSYS0000003909","Heathland","y","positive","y"
"496","Vaccinium vitis-idaea","NBNSYS0000003914","Heathland","y","positive","y"
"497","Vaccinium myrtillus","NBNSYS0000003915","Heathland","y","positive","y"
"498","Cuscuta epithymum","NBNSYS0000004030","Heathland","y","positive","y"
"499","Digitalis purpurea","NBNSYS0000004094","Heathland","y","positive","y"
"500","Veronica officinalis","NBNSYS0000004102","Heathland","y","positive","y"
"501","Plantago coronopus","NBNSYS0000004277","Heathland","y","positive","y"
"502","Galium saxatile","NBNSYS0000004310","Heathland","y","positive","y"
"503","Succisa pratensis","NBNSYS0000004352","Heathland","y","positive","y"
"504","Empetrum nigrum","NBNSYS0000004598","Heathland","y","positive","y"
"505","Juniperus communis","NBNSYS0000004634","Heathland","y","positive","y"
"506","Antennaria dioica","NHMSYS0000455950","Heathland","y","positive","y"
"507","Primula vulgaris","NHMSYS0000462067","Heathland","y","positive","y"
"508","Stachys officinalis","NHMSYS0000463975","Heathland","y","positive","y"
"509","Thymus polytrichus","NHMSYS0000464447","Heathland","y","positive","y"
"510","Ulex gallii","NHMSYS0000464695","Heathland","y","positive","y"
"511","Polygala serpyllifolia/vulgaris","NHMSYS0021123573","Heathland","y","positive","y"
"512","Thymus polytrichus/pulegioides","NHMSYS0021123585","Heathland","y","positive","y"
"513","Ulex gallii/minor","NHMSYS0021123591","Heathland","y","positive","y"
"514","Blechnum spicant","NBNSYS0000002036","Lowland grassland","y","positive","y"
"515","Ophioglossum vulgatum","NBNSYS0000002095","Lowland grassland","y","positive","y"
"516","Colchicum autumnale","NBNSYS0000002189","Lowland grassland","y","positive","y"
"517","Iris pseudacorus","NBNSYS0000002269","Lowland grassland","y","positive","y"
"518","Briza media","NBNSYS0000002565","Lowland grassland","y","positive","y"
"519","Caltha palustris","NBNSYS0000002691","Lowland grassland","y","positive","y"
"520","Ranunculus repens","NBNSYS0000002709","Lowland grassland","y","positive","y"
"521","Ranunculus bulbosus","NBNSYS0000002710","Lowland grassland","y","positive","y"
"522","Cardamine pratensis","NBNSYS0000002872","Lowland grassland","y","positive","y"
"523","Reseda luteola","NBNSYS0000002919","Lowland grassland","y","positive","y"
"524","Cerastium fontanum","NBNSYS0000003022","Lowland grassland","y","positive","y"
"525","Stellaria holostea","NBNSYS0000003035","Lowland grassland","y","positive","y"
"526","Stellaria graminea","NBNSYS0000003037","Lowland grassland","y","positive","y"
"527","Linum catharticum","NBNSYS0000003145","Lowland grassland","y","positive","y"
"528","Oxalis acetosella","NBNSYS0000003175","Lowland grassland","y","positive","y"
"529","Trifolium pratense","NBNSYS0000003231","Lowland grassland","y","positive","y"
"530","Anthyllis vulneraria","NBNSYS0000003255","Lowland grassland","y","positive","y"
"531","Hippocrepis comosa","NBNSYS0000003278","Lowland grassland","y","positive","y"
"532","Vicia cracca","NBNSYS0000003283","Lowland grassland","y","positive","y"
"533","Filipendula vulgaris","NBNSYS0000003315","Lowland grassland","y","positive","y"
"534","Sanguisorba officinalis","NBNSYS0000003387","Lowland grassland","y","positive","y"
"535","Saxifraga granulata","NBNSYS0000003499","Lowland grassland","y","positive","y"
"536","Rumex acetosella","NBNSYS0000003774","Lowland grassland","y","positive","y"
"537","Rumex acetosa","NBNSYS0000003778","Lowland grassland","y","positive","y"
"538","Calluna vulgaris","NBNSYS0000003902","Lowland grassland","y","positive","y"
"539","Erica cinerea","NBNSYS0000003909","Lowland grassland","y","positive","y"
"540","Primula veris","NBNSYS0000003926","Lowland grassland","y","positive","y"
"541","Veronica officinalis","NBNSYS0000004102","Lowland grassland","y","positive","y"
"542","Veronica arvensis","NBNSYS0000004115","Lowland grassland","y","positive","y"
"543","Rhinanthus minor","NBNSYS0000004135","Lowland grassland","y","positive","y"
"544","Origanum vulgare","NBNSYS0000004207","Lowland grassland","y","positive","y"
"545","Plantago media","NBNSYS0000004274","Lowland grassland","y","positive","y"
"546","Plantago coronopus","NBNSYS0000004277","Lowland grassland","y","positive","y"
"547","Campanula glomerata","NBNSYS0000004287","Lowland grassland","y","positive","y"
"548","Campanula rotundifolia","NBNSYS0000004288","Lowland grassland","y","positive","y"
"549","Cruciata laevipes","NBNSYS0000004304","Lowland grassland","y","positive","y"
"550","Galium mollugo","NBNSYS0000004308","Lowland grassland","y","positive","y"
"551","Galium saxatile","NBNSYS0000004310","Lowland grassland","y","positive","y"
"552","Valeriana officinalis","NBNSYS0000004343","Lowland grassland","y","positive","y"
"553","Valeriana dioica","NBNSYS0000004345","Lowland grassland","y","positive","y"
"554","Succisa pratensis","NBNSYS0000004352","Lowland grassland","y","positive","y"
"555","Bellis perennis","NBNSYS0000004445","Lowland grassland","y","positive","y"
"556","Achillea millefolium","NBNSYS0000004451","Lowland grassland","y","positive","y"
"557","Leucanthemum vulgare","NBNSYS0000004464","Lowland grassland","y","positive","y"
"558","Cirsium acaule","NBNSYS0000004494","Lowland grassland","y","positive","y"
"559","Silene flos-cuculi","NBNSYS0000156751","Lowland grassland","y","positive","y"
"560","Blackstonia perfoliata","NHMSYS0000456502","Lowland grassland","y","positive","y"
"561","Deschampsia cespitosa","NHMSYS0000458048","Lowland grassland","y","positive","y"
"562","Pilosella officinarum","NHMSYS0000461280","Lowland grassland","y","positive","y"
"563","Stachys officinalis","NHMSYS0000463975","Lowland grassland","y","positive","y"
"564","Thymus polytrichus","NHMSYS0000464447","Lowland grassland","y","positive","y"
"565","Ulex gallii","NHMSYS0000464695","Lowland grassland","y","positive","y"
"566","Potentilla anserina","NHMSYS0021060392","Lowland grassland","y","positive","y"
"567","Thymus polytrichus/pulegioides","NHMSYS0021123585","Lowland grassland","y","positive","y"
"568","Ulex gallii/minor","NHMSYS0021123591","Lowland grassland","y","positive","y"
"569","Osmunda regalis","NBNSYS0000002027","Marsh and fen","y","positive","y"
"570","Iris pseudacorus","NBNSYS0000002269","Marsh and fen","y","positive","y"
"571","Ranunculus acris","NBNSYS0000002708","Marsh and fen","y","positive","y"
"572","Viola palustris","NBNSYS0000002939","Marsh and fen","y","positive","y"
"573","Trifolium repens","NBNSYS0000003247","Marsh and fen","y","positive","y"
"574","Lotus pedunculatus","NBNSYS0000003260","Marsh and fen","y","positive","y"
"575","Lathyrus pratensis","NBNSYS0000003301","Marsh and fen","y","positive","y"
"576","Filipendula ulmaria","NBNSYS0000003316","Marsh and fen","y","positive","y"
"577","Potentilla palustris","NBNSYS0000003338","Marsh and fen","y","positive","y"
"578","Potentilla erecta","NBNSYS0000003349","Marsh and fen","y","positive","y"
"579","Chrysosplenium oppositifolium","NBNSYS0000003510","Marsh and fen","y","positive","y"
"580","Drosera rotundifolia","NBNSYS0000003519","Marsh and fen","y","positive","y"
"581","Epilobium hirsutum","NBNSYS0000003536","Marsh and fen","y","positive","y"
"582","Anagallis tenella","NBNSYS0000003942","Marsh and fen","y","positive","y"
"583","Menyanthes trifoliata","NBNSYS0000003976","Marsh and fen","y","positive","y"
"584","Solanum dulcamara","NBNSYS0000004037","Marsh and fen","y","positive","y"
"585","Rhinanthus minor","NBNSYS0000004135","Marsh and fen","y","positive","y"
"586","Pinguicula vulgaris","NBNSYS0000004184","Marsh and fen","y","positive","y"
"587","Mentha aquatica","NBNSYS0000004198","Marsh and fen","y","positive","y"
"588","Lycopus europaeus","NBNSYS0000004206","Marsh and fen","y","positive","y"
"589","Ajuga reptans","NBNSYS0000004269","Marsh and fen","y","positive","y"
"590","Plantago lanceolata","NBNSYS0000004275","Marsh and fen","y","positive","y"
"591","Valeriana officinalis","NBNSYS0000004343","Marsh and fen","y","positive","y"
"592","Valeriana dioica","NBNSYS0000004345","Marsh and fen","y","positive","y"
"593","Cirsium palustre","NBNSYS0000004491","Marsh and fen","y","positive","y"
"594","Calystegia sepium","NHMSYS0000456325","Marsh and fen","y","positive","y"
"595","Narthecium ossifragum","NHMSYS0000460927","Marsh and fen","y","positive","y"
"596","Potamogeton polygonifolius","NHMSYS0000461999","Marsh and fen","y","positive","y"
"597","Blechnum spicant","NBNSYS0000002036","Native pinewood and juniper scrub","y","positive","y"
"598","Anemone nemorosa","NBNSYS0000002700","Native pinewood and juniper scrub","y","positive","y"
"599","Cerastium fontanum","NBNSYS0000003022","Native pinewood and juniper scrub","y","positive","y"
"600","Oxalis acetosella","NBNSYS0000003175","Native pinewood and juniper scrub","y","positive","y"
"601","Potentilla sterilis","NBNSYS0000003339","Native pinewood and juniper scrub","y","positive","y"
"602","Fragaria vesca","NBNSYS0000003358","Native pinewood and juniper scrub","y","positive","y"
"603","Sorbus aucuparia","NBNSYS0000003438","Native pinewood and juniper scrub","y","positive","y"
"604","Calluna vulgaris","NBNSYS0000003902","Native pinewood and juniper scrub","y","positive","y"
"605","Erica cinerea","NBNSYS0000003909","Native pinewood and juniper scrub","y","positive","y"
"606","Vaccinium vitis-idaea","NBNSYS0000003914","Native pinewood and juniper scrub","y","positive","y"
"607","Vaccinium myrtillus","NBNSYS0000003915","Native pinewood and juniper scrub","y","positive","y"
"608","Campanula rotundifolia","NBNSYS0000004288","Native pinewood and juniper scrub","y","positive","y"
"609","Galium saxatile","NBNSYS0000004310","Native pinewood and juniper scrub","y","positive","y"
"610","Empetrum nigrum","NBNSYS0000004598","Native pinewood and juniper scrub","y","positive","y"
"611","Juniperus communis","NBNSYS0000004634","Native pinewood and juniper scrub","y","positive","y"
"612","Viola riviniana","NHMSYS0000464897","Native pinewood and juniper scrub","y","positive","y"
"613","Viola reichenbachiana/riviniana","NHMSYS0020083544","Native pinewood and juniper scrub","y","positive","y"
"614","Betula pubescens/pendula","NHMSYS0021123549","Native pinewood and juniper scrub","y","positive","y"
"615","Phyllitis scolopendrium","NBNSYS0000002039","Rock outcrops, cliffs and scree","y","positive","y"
"616","Asplenium trichomanes","NBNSYS0000002046","Rock outcrops, cliffs and scree","y","positive","y"
"617","Hyacinthoides non-scripta","NBNSYS0000002185","Rock outcrops, cliffs and scree","y","positive","y"
"618","Briza media","NBNSYS0000002565","Rock outcrops, cliffs and scree","y","positive","y"
"619","Ranunculus acris","NBNSYS0000002708","Rock outcrops, cliffs and scree","y","positive","y"
"620","Geranium robertianum","NBNSYS0000003162","Rock outcrops, cliffs and scree","y","positive","y"
"621","Hippocrepis comosa","NBNSYS0000003278","Rock outcrops, cliffs and scree","y","positive","y"
"622","Potentilla sterilis","NBNSYS0000003339","Rock outcrops, cliffs and scree","y","positive","y"
"623","Potentilla erecta","NBNSYS0000003349","Rock outcrops, cliffs and scree","y","positive","y"
"624","Alchemilla alpina","NBNSYS0000003369","Rock outcrops, cliffs and scree","y","positive","y"
"625","Sedum rosea","NBNSYS0000003466","Rock outcrops, cliffs and scree","y","positive","y"
"626","Saxifraga tridactylites","NBNSYS0000003498","Rock outcrops, cliffs and scree","y","positive","y"
"627","Saxifraga oppositifolia","NBNSYS0000003507","Rock outcrops, cliffs and scree","y","positive","y"
"628","Angelica sylvestris","NBNSYS0000003703","Rock outcrops, cliffs and scree","y","positive","y"
"629","Heracleum sphondylium","NBNSYS0000003710","Rock outcrops, cliffs and scree","y","positive","y"
"630","Mercurialis perennis","NBNSYS0000003721","Rock outcrops, cliffs and scree","y","positive","y"
"631","Oxyria digyna","NBNSYS0000003772","Rock outcrops, cliffs and scree","y","positive","y"
"632","Rumex acetosa","NBNSYS0000003778","Rock outcrops, cliffs and scree","y","positive","y"
"633","Vaccinium myrtillus","NBNSYS0000003915","Rock outcrops, cliffs and scree","y","positive","y"
"634","Origanum vulgare","NBNSYS0000004207","Rock outcrops, cliffs and scree","y","positive","y"
"635","Prunella vulgaris","NBNSYS0000004225","Rock outcrops, cliffs and scree","y","positive","y"
"636","Plantago lanceolata","NBNSYS0000004275","Rock outcrops, cliffs and scree","y","positive","y"
"637","Campanula rotundifolia","NBNSYS0000004288","Rock outcrops, cliffs and scree","y","positive","y"
"638","Achillea millefolium","NBNSYS0000004451","Rock outcrops, cliffs and scree","y","positive","y"
"639","Cryptogramma crispa","NHMSYS0000457743","Rock outcrops, cliffs and scree","y","positive","y"
"640","Sanguisorba minor","NHMSYS0000462046","Rock outcrops, cliffs and scree","y","positive","y"
"641","Ceterach officinarum","NHMSYS0100001007","Rock outcrops, cliffs and scree","y","positive","y"
"642","Orchis mascula","NBNSYS0000002326","Upland grassland","y","positive","y"
"643","Cynosurus cristatus","NBNSYS0000002563","Upland grassland","y","positive","y"
"644","Trollius europaeus","NBNSYS0000002692","Upland grassland","y","positive","y"
"645","Anemone nemorosa","NBNSYS0000002700","Upland grassland","y","positive","y"
"646","Linum catharticum","NBNSYS0000003145","Upland grassland","y","positive","y"
"647","Oxalis acetosella","NBNSYS0000003175","Upland grassland","y","positive","y"
"648","Trifolium repens","NBNSYS0000003247","Upland grassland","y","positive","y"
"649","Lotus corniculatus","NBNSYS0000003258","Upland grassland","y","positive","y"
"650","Potentilla sterilis","NBNSYS0000003339","Upland grassland","y","positive","y"
"651","Potentilla erecta","NBNSYS0000003349","Upland grassland","y","positive","y"
"652","Alchemilla alpina","NBNSYS0000003369","Upland grassland","y","positive","y"
"653","Rumex acetosella","NBNSYS0000003774","Upland grassland","y","positive","y"
"654","Vaccinium vitis-idaea","NBNSYS0000003914","Upland grassland","y","positive","y"
"655","Vaccinium myrtillus","NBNSYS0000003915","Upland grassland","y","positive","y"
"656","Veronica officinalis","NBNSYS0000004102","Upland grassland","y","positive","y"
"657","Plantago maritima","NBNSYS0000004276","Upland grassland","y","positive","y"
"658","Bellis perennis","NBNSYS0000004445","Upland grassland","y","positive","y"
"659","Achillea millefolium","NBNSYS0000004451","Upland grassland","y","positive","y"
"660","Empetrum nigrum","NBNSYS0000004598","Upland grassland","y","positive","y"
"661","Juniperus communis","NBNSYS0000004634","Upland grassland","y","positive","y"
"662","Antennaria dioica","NHMSYS0000455950","Upland grassland","y","positive","y"
"663","Thymus polytrichus","NHMSYS0000464447","Upland grassland","y","positive","y"
"664","Viola riviniana","NHMSYS0000464897","Upland grassland","y","positive","y"
"665","Viola reichenbachiana/riviniana","NHMSYS0020083544","Upland grassland","y","positive","y"
"666","Armeria maritima","NHMSYS0021060385","Upland grassland","y","positive","y"
"667","Betula pubescens/pendula","NHMSYS0021123549","Upland grassland","y","positive","y"
"668","Polygala serpyllifolia/vulgaris","NHMSYS0021123573","Upland grassland","y","positive","y"
"669","Thymus polytrichus/pulegioides","NHMSYS0021123585","Upland grassland","y","positive","y"
