,preferred_taxon,id,sample_id,date,tvk,domin,record_status,sensitivity_precision,UnifiedPlusInd
5493,Amaranthaceae,12013196,6608030,23/08/2019,NBNSYS0000159341,1. < 1% (1-2 indivs),C,NA,NA
5911,Anchusa officinalis,11856085,6826449,26/08/2019,NBNSYS0000003998,1. < 1% (1-2 indivs),C,NA,NA
9821,Antirrhinum majus,12143965,7023221,26/08/2019,NBNSYS0000004060,1. < 1% (1-2 indivs),V,NA,NA
9822,Antirrhinum majus,8812984,4619594,25/07/2018,NBNSYS0000004060,3. 1-4%,C,NA,NA
9823,Aphanes,12027637,6550934,22/05/2019,NHMSYS0000455990,1. < 1% (1-2 indivs),C,NA,NA
10289,Arctostaphylos uva-ursi,11967905,6904437,25/08/2019,NHMSYS0000456036,3. 1-4%,C,NA,NA
10290,Arctostaphylos uva-ursi,11498379,6583971,28/06/2019,NHMSYS0000456036,3. 1-4%,C,NA,NA
11275,Artemisia absinthium,11891988,6848943,03/08/2019,NBNSYS0000004474,7. 34-50%,C,NA,NA
11276,Artemisia absinthium,11829097,6807726,27/06/2019,NBNSYS0000004474,2. < 1% (several indivs),C,NA,NA
11277,Artemisia absinthium,11829136,6807732,26/08/2019,NBNSYS0000004474,2. < 1% (several indivs),C,NA,NA
11278,Artemisia absinthium,11841863,6816911,07/06/2019,NBNSYS0000004474,9. 76-90%,C,NA,NA
11279,Artemisia absinthium,11891973,6848940,11/06/2019,NBNSYS0000004474,8. 51-75%,C,NA,NA
11280,Artemisia absinthium,11842080,6817008,30/07/2019,NBNSYS0000004474,8. 51-75%,C,NA,NA
12155,Asplenium marinum,12006916,6931816,28/04/2019,NBNSYS0000002045,2. < 1% (several indivs),C,NA,NA
12156,Asplenium marinum,12007009,6931839,09/10/2019,NBNSYS0000002045,2. < 1% (several indivs),C,NA,NA
12868,Atriplex praecox,11829103,6807726,27/06/2019,NHMSYS0000456348,1. < 1% (1-2 indivs),C,NA,NA
12869,Atriplex praecox,11829141,6807732,26/08/2019,NHMSYS0000456348,4. 5-10%,C,NA,NA
16497,Browallia speciosa,11827096,6806523,05/08/2019,NBNSYS0200001964,2. < 1% (several indivs),C,NA,NA
18825,Campanula fragilis,11873592,6838381,27/08/2019,NBNSYS0000033770,2. < 1% (several indivs),C,NA,NA
19950,Cardamine raphanifolia,10203285,5712652,09/05/2019,NHMSYS0000456797,1. < 1% (1-2 indivs),C,NA,NA
22261,Carex spicata,12047328,6962092,13/09/2019,NHMSYS0000456896,2. < 1% (several indivs),C,NA,NA
22262,Carex spicata,12046901,6961841,16/06/2019,NHMSYS0000456896,2. < 1% (several indivs),C,NA,NA
22263,Carex spicata,11991627,6920890,02/07/2019,NHMSYS0000456896,1. < 1% (1-2 indivs),C,NA,NA
22690,Catabrosa aquatica,11824102,6804766,18/06/2019,NHMSYS0000456975,4. 5-10%,C,NA,NA
22691,Catabrosa aquatica,11824177,6804843,16/07/2019,NHMSYS0000456975,4. 5-10%,C,NA,NA
22729,Centaurea aspera,12143566,7023163,19/06/2019,NBNSYS0000004509,2. < 1% (several indivs),C,NA,NA
22730,Centaurea aspera,12144363,7023269,26/08/2019,NBNSYS0000004509,2. < 1% (several indivs),C,NA,NA
22731,Centaurea aspera,12144086,7023230,30/05/2019,NBNSYS0000004509,2. < 1% (several indivs),C,NA,NA
22754,Centaurea nigra sens. lat. (=nigra/debauxii),5396037,2700009,19/07/2017,NHMSYS0021232322,4. 5-10%,V,NA,NA
22755,Centaurea nigra sens. lat. (=nigra/debauxii),7963264,4024980,06/09/2018,NHMSYS0021232322,3. 1-4%,C,NA,NA
22756,Centaurea nigra sens. lat. (=nigra/debauxii),3910765,1898757,07/06/2016,NHMSYS0021232322,4. 5-10%,C,NA,NA
22757,Centaurea nigra sens. lat. (=nigra/debauxii),12067241,6975751,25/08/2017,NHMSYS0021232322,3. 1-4%,V,NA,NA
22758,Centaurea nigra sens. lat. (=nigra/debauxii),12143453,7023143,30/05/2019,NHMSYS0021232322,1. < 1% (1-2 indivs),V,NA,NA
22759,Centaurea nigra sens. lat. (=nigra/debauxii),11445570,6549271,01/08/2019,NHMSYS0021232322,2. < 1% (several indivs),C,NA,NA
22760,Centaurea nigra sens. lat. (=nigra/debauxii),6237398,3170600,04/08/2017,NHMSYS0021232322,2. < 1% (several indivs),C,NA,NA
22761,Centaurea nigra sens. lat. (=nigra/debauxii),6007550,3056746,25/07/2017,NHMSYS0021232322,2. < 1% (several indivs),C,NA,NA
22762,Centaurea nigra sens. lat. (=nigra/debauxii),11771242,6761885,06/05/2019,NHMSYS0021232322,2. < 1% (several indivs),V,NA,NA
22763,Centaurea nigra sens. lat. (=nigra/debauxii),2687704,1274632,04/08/2015,NHMSYS0021232322,2. < 1% (several indivs),V,NA,NA
22764,Centaurea nigra sens. lat. (=nigra/debauxii),7675045,3889731,01/08/2018,NHMSYS0021232322,3. 1-4%,C,NA,NA
22765,Centaurea nigra sens. lat. (=nigra/debauxii),5499479,2743130,03/06/2017,NHMSYS0021232322,3. 1-4%,C,NA,NA
22766,Centaurea nigra sens. lat. (=nigra/debauxii),5396183,2700076,19/07/2017,NHMSYS0021232322,3. 1-4%,V,NA,NA
22767,Centaurea nigra sens. lat. (=nigra/debauxii),5970434,3034864,28/09/2017,NHMSYS0021232322,3. 1-4%,C,NA,NA
22768,Centaurea nigra sens. lat. (=nigra/debauxii),4012640,1944337,09/06/2016,NHMSYS0021232322,2. < 1% (several indivs),V,10000,NA
22769,Centaurea nigra sens. lat. (=nigra/debauxii),11853727,6824352,30/05/2019,NHMSYS0021232322,3. 1-4%,C,NA,NA
22770,Centaurea nigra sens. lat. (=nigra/debauxii),4265452,2082935,04/07/2016,NHMSYS0021232322,1. < 1% (1-2 indivs),C,NA,NA
22771,Centaurea nigra sens. lat. (=nigra/debauxii),3910972,1898803,16/08/2016,NHMSYS0021232322,4. 5-10%,C,NA,NA
22772,Centaurea nigra sens. lat. (=nigra/debauxii),7435922,3787976,23/07/2018,NHMSYS0021232322,4. 5-10%,V,NA,NA
22773,Centaurea nigra sens. lat. (=nigra/debauxii),4068557,1977010,31/07/2016,NHMSYS0021232322,3. 1-4%,C,NA,NA
22774,Centaurea nigra sens. lat. (=nigra/debauxii),2444793,1140285,17/05/2015,NHMSYS0021232322,4. 5-10%,V,NA,NA
22775,Centaurea nigra sens. lat. (=nigra/debauxii),2543990,1193152,01/07/2015,NHMSYS0021232322,1. < 1% (1-2 indivs),C,NA,NA
22776,Centaurea nigra sens. lat. (=nigra/debauxii),4254834,2078442,13/06/2016,NHMSYS0021232322,2. < 1% (several indivs),C,NA,NA
22777,Centaurea nigra sens. lat. (=nigra/debauxii),4278036,2089327,18/09/2016,NHMSYS0021232322,1. < 1% (1-2 indivs),V,NA,NA
22778,Centaurea nigra sens. lat. (=nigra/debauxii),10212708,5720778,13/05/2019,NHMSYS0021232322,3. 1-4%,C,NA,NA
22779,Centaurea nigra sens. lat. (=nigra/debauxii),4149728,2026776,25/05/2016,NHMSYS0021232322,1. < 1% (1-2 indivs),C,NA,NA
22780,Centaurea nigra sens. lat. (=nigra/debauxii),6636289,3400151,15/04/2018,NHMSYS0021232322,1. < 1% (1-2 indivs),V,NA,NA
22781,Centaurea nigra sens. lat. (=nigra/debauxii),12067298,6975760,03/07/2017,NHMSYS0021232322,2. < 1% (several indivs),V,NA,NA
22782,Centaurea nigra sens. lat. (=nigra/debauxii),6832659,3527287,29/04/2017,NHMSYS0021232322,1. < 1% (1-2 indivs),V,NA,NA
22783,Centaurea nigra sens. lat. (=nigra/debauxii),6912916,3572463,28/04/2018,NHMSYS0021232322,2. < 1% (several indivs),C,NA,NA
22784,Centaurea nigra sens. lat. (=nigra/debauxii),4149750,2026793,14/08/2016,NHMSYS0021232322,2. < 1% (several indivs),C,NA,NA
22785,Centaurea nigra sens. lat. (=nigra/debauxii),4272981,2086619,16/09/2016,NHMSYS0021232322,2. < 1% (several indivs),C,NA,NA
22786,Centaurea nigra sens. lat. (=nigra/debauxii),5579961,2779400,12/08/2017,NHMSYS0021232322,1. < 1% (1-2 indivs),V,NA,NA
22787,Centaurea nigra sens. lat. (=nigra/debauxii),12143516,7023150,26/08/2019,NHMSYS0021232322,2. < 1% (several indivs),V,NA,NA
22788,Centaurea nigra sens. lat. (=nigra/debauxii),2370181,1106955,27/06/2015,NHMSYS0021232322,2. < 1% (several indivs),V,NA,NA
22789,Centaurea nigra sens. lat. (=nigra/debauxii),10216744,5723604,23/05/2019,NHMSYS0021232322,3. 1-4%,V,NA,NA
22790,Centaurea nigra sens. lat. (=nigra/debauxii),2682075,1272720,05/06/2015,NHMSYS0021232322,3. 1-4%,C,NA,NA
22791,Centaurea nigra sens. lat. (=nigra/debauxii),4207892,2057794,14/06/2016,NHMSYS0021232322,4. 5-10%,C,NA,NA
22792,Centaurea nigra sens. lat. (=nigra/debauxii),12067316,6975762,25/08/2017,NHMSYS0021232322,4. 5-10%,V,NA,NA
22793,Centaurea nigra sens. lat. (=nigra/debauxii),6251578,3180706,30/06/2017,NHMSYS0021232322,2. < 1% (several indivs),V,NA,NA
22794,Centaurea nigra sens. lat. (=nigra/debauxii),2584086,1219739,30/05/2015,NHMSYS0021232322,2. < 1% (several indivs),V,NA,NA
22795,Centaurea nigra sens. lat. (=nigra/debauxii),2328423,1091578,27/05/2015,NHMSYS0021232322,5. 11-25%,V,NA,NA
22796,Centaurea nigra sens. lat. (=nigra/debauxii),6134662,3119138,26/06/2017,NHMSYS0021232322,5. 11-25%,C,NA,NA
22797,Centaurea nigra sens. lat. (=nigra/debauxii),2149510,1026840,04/06/2015,NHMSYS0021232322,2. < 1% (several indivs),V,NA,NA
22798,Centaurea nigra sens. lat. (=nigra/debauxii),6832742,3527310,29/04/2017,NHMSYS0021232322,2. < 1% (several indivs),V,NA,NA
22799,Centaurea nigra sens. lat. (=nigra/debauxii),5946973,3018628,23/08/2017,NHMSYS0021232322,4. 5-10%,C,NA,NA
22800,Centaurea nigra sens. lat. (=nigra/debauxii),2619939,1237093,11/05/2015,NHMSYS0021232322,2. < 1% (several indivs),C,NA,NA
22801,Centaurea nigra sens. lat. (=nigra/debauxii),2687231,1274479,07/09/2015,NHMSYS0021232322,4. 5-10%,V,NA,NA
22802,Centaurea nigra sens. lat. (=nigra/debauxii),11857830,6827013,30/05/2019,NHMSYS0021232322,1. < 1% (1-2 indivs),C,NA,NA
22803,Centaurea nigra sens. lat. (=nigra/debauxii),3842584,1866910,10/08/2016,NHMSYS0021232322,3. 1-4%,C,NA,NA
22804,Centaurea nigra sens. lat. (=nigra/debauxii),4207919,2057798,12/08/2016,NHMSYS0021232322,NA,C,NA,NA
22805,Centaurea nigra sens. lat. (=nigra/debauxii),3528840,1738111,01/06/2016,NHMSYS0021232322,5. 11-25%,C,NA,NA
22806,Centaurea nigra sens. lat. (=nigra/debauxii),4340199,2122229,30/06/2016,NHMSYS0021232322,4. 5-10%,C,NA,NA
22807,Centaurea nigra sens. lat. (=nigra/debauxii),7103506,3666230,03/07/2018,NHMSYS0021232322,1. < 1% (1-2 indivs),V,NA,NA
22808,Centaurea nigra sens. lat. (=nigra/debauxii),11903512,6858188,29/03/2019,NHMSYS0021232322,2. < 1% (several indivs),C,NA,NA
22809,Centaurea nigra sens. lat. (=nigra/debauxii),12656265,7440673,29/06/2018,NHMSYS0021232322,3. 1-4%,C,NA,NA
22810,Centaurea nigra sens. lat. (=nigra/debauxii),2686596,1274395,07/06/2015,NHMSYS0021232322,1. < 1% (1-2 indivs),C,NA,NA
22811,Centaurea nigra sens. lat. (=nigra/debauxii),11857857,6827023,20/09/2019,NHMSYS0021232322,1. < 1% (1-2 indivs),C,NA,NA
22812,Centaurea nigra sens. lat. (=nigra/debauxii),10741042,6123425,06/07/2019,NHMSYS0021232322,4. 5-10%,V,NA,NA
22813,Centaurea nigra sens. lat. (=nigra/debauxii),7423847,3783801,18/07/2018,NHMSYS0021232322,2. < 1% (several indivs),V,NA,NA
22814,Centaurea nigra sens. lat. (=nigra/debauxii),6957477,3597463,15/06/2018,NHMSYS0021232322,3. 1-4%,V,NA,NA
22815,Centaurea nigra sens. lat. (=nigra/debauxii),7660154,3883399,05/08/2018,NHMSYS0021232322,NA,C,NA,NA
22816,Centaurea nigra sens. lat. (=nigra/debauxii),3664427,1798576,14/07/2016,NHMSYS0021232322,3. 1-4%,C,NA,NA
22817,Centaurea nigra sens. lat. (=nigra/debauxii),2701946,1283823,04/08/2015,NHMSYS0021232322,7. 34-50%,C,NA,NA
22818,Centaurea nigra sens. lat. (=nigra/debauxii),6244189,3173824,04/05/2016,NHMSYS0021232322,3. 1-4%,C,NA,NA
22819,Centaurea nigra sens. lat. (=nigra/debauxii),5971700,3035637,19/07/2017,NHMSYS0021232322,1. < 1% (1-2 indivs),C,10000,NA
22820,Centaurea nigra sens. lat. (=nigra/debauxii),9229734,4924498,19/06/2018,NHMSYS0021232322,1. < 1% (1-2 indivs),V,NA,NA
22821,Centaurea nigra sens. lat. (=nigra/debauxii),6076314,3090231,30/09/2017,NHMSYS0021232322,1. < 1% (1-2 indivs),C,NA,NA
22822,Centaurea nigra sens. lat. (=nigra/debauxii),3529850,1738535,01/06/2016,NHMSYS0021232322,4. 5-10%,C,NA,NA
22823,Centaurea nigra sens. lat. (=nigra/debauxii),3656597,1793773,14/07/2016,NHMSYS0021232322,4. 5-10%,C,NA,NA
22824,Centaurea nigra sens. lat. (=nigra/debauxii),6267091,3186967,02/09/2017,NHMSYS0021232322,4. 5-10%,V,NA,NA
22825,Centaurea nigra sens. lat. (=nigra/debauxii),12642011,7427020,22/09/2018,NHMSYS0021232322,4. 5-10%,C,NA,NA
22826,Centaurea nigra sens. lat. (=nigra/debauxii),2429000,1132204,03/05/2015,NHMSYS0021232322,3. 1-4%,V,NA,NA
22827,Centaurea nigra sens. lat. (=nigra/debauxii),4266077,2083061,29/08/2016,NHMSYS0021232322,1. < 1% (1-2 indivs),C,NA,NA
22828,Centaurea nigra sens. lat. (=nigra/debauxii),7743892,3922257,19/08/2018,NHMSYS0021232322,2. < 1% (several indivs),C,NA,NA
22829,Centaurea nigra sens. lat. (=nigra/debauxii),3912405,1898880,07/06/2016,NHMSYS0021232322,2. < 1% (several indivs),C,NA,NA
22830,Centaurea nigra sens. lat. (=nigra/debauxii),12008376,6932311,18/05/2019,NHMSYS0021232322,5. 11-25%,C,NA,NA
22831,Centaurea nigra sens. lat. (=nigra/debauxii),5971804,3035697,19/07/2017,NHMSYS0021232322,2. < 1% (several indivs),C,10000,NA
22832,Centaurea nigra sens. lat. (=nigra/debauxii),8007134,4051138,27/04/2018,NHMSYS0021232322,4. 5-10%,V,NA,NA
22833,Centaurea nigra sens. lat. (=nigra/debauxii),4340316,2122269,30/06/2016,NHMSYS0021232322,4. 5-10%,C,NA,NA
22834,Centaurea nigra sens. lat. (=nigra/debauxii),4235242,2068290,24/05/2016,NHMSYS0021232322,2. < 1% (several indivs),C,NA,NA
22835,Centaurea nigra sens. lat. (=nigra/debauxii),2686519,1274387,16/08/2015,NHMSYS0021232322,5. 11-25%,C,NA,NA
22836,Centaurea nigra sens. lat. (=nigra/debauxii),4234701,2068113,24/05/2016,NHMSYS0021232322,1. < 1% (1-2 indivs),C,NA,NA
22837,Centaurea nigra sens. lat. (=nigra/debauxii),10763322,6136741,02/07/2019,NHMSYS0021232322,3. 1-4%,C,NA,NA
22838,Centaurea nigra sens. lat. (=nigra/debauxii),2376876,1109691,27/05/2015,NHMSYS0021232322,5. 11-25%,V,NA,NA
22839,Centaurea nigra sens. lat. (=nigra/debauxii),12008442,6932343,21/07/2019,NHMSYS0021232322,5. 11-25%,C,NA,NA
22840,Centaurea nigra sens. lat. (=nigra/debauxii),6894243,3561639,05/06/2018,NHMSYS0021232322,1. < 1% (1-2 indivs),C,NA,NA
22841,Centaurea nigra sens. lat. (=nigra/debauxii),11904062,6858578,29/06/2019,NHMSYS0021232322,3. 1-4%,C,NA,NA
22842,Centaurea nigra sens. lat. (=nigra/debauxii),6846706,3535671,26/05/2018,NHMSYS0021232322,3. 1-4%,V,NA,NA
22843,Centaurea nigra sens. lat. (=nigra/debauxii),2149349,1026793,09/07/2015,NHMSYS0021232322,5. 11-25%,V,NA,NA
22844,Centaurea nigra sens. lat. (=nigra/debauxii),5705041,2841188,25/08/2017,NHMSYS0021232322,2. < 1% (several indivs),V,NA,NA
22845,Centaurea nigra sens. lat. (=nigra/debauxii),3912432,1899141,16/08/2016,NHMSYS0021232322,1. < 1% (1-2 indivs),C,NA,NA
22846,Centaurea nigra sens. lat. (=nigra/debauxii),3912433,1899141,16/08/2016,NHMSYS0021232322,NA,C,NA,NA
22847,Centaurea nigra sens. lat. (=nigra/debauxii),7846361,3970997,19/05/2018,NHMSYS0021232322,3. 1-4%,C,NA,NA
22848,Centaurea nigra sens. lat. (=nigra/debauxii),5499013,2742913,03/06/2017,NHMSYS0021232322,5. 11-25%,C,NA,NA
22849,Centaurea nigra sens. lat. (=nigra/debauxii),5972078,3035827,19/07/2017,NHMSYS0021232322,4. 5-10%,C,10000,NA
22850,Centaurea nigra sens. lat. (=nigra/debauxii),3836524,1865179,29/04/2016,NHMSYS0021232322,1. < 1% (1-2 indivs),C,NA,NA
22851,Centaurea nigra sens. lat. (=nigra/debauxii),8114921,4100724,05/09/2018,NHMSYS0021232322,3. 1-4%,C,NA,NA
22852,Centaurea nigra sens. lat. (=nigra/debauxii),5518304,2750520,01/08/2017,NHMSYS0021232322,4. 5-10%,C,NA,NA
22853,Centaurea nigra sens. lat. (=nigra/debauxii),7012341,3627000,22/06/2018,NHMSYS0021232322,3. 1-4%,C,NA,NA
22854,Centaurea nigra sens. lat. (=nigra/debauxii),5945951,3017623,13/06/2017,NHMSYS0021232322,4. 5-10%,C,NA,NA
22855,Centaurea nigra sens. lat. (=nigra/debauxii),8133404,4109705,25/07/2018,NHMSYS0021232322,4. 5-10%,C,NA,NA
22856,Centaurea nigra sens. lat. (=nigra/debauxii),11287972,6464357,02/08/2019,NHMSYS0021232322,2. < 1% (several indivs),C,NA,NA
22857,Centaurea nigra sens. lat. (=nigra/debauxii),6065200,3084833,03/06/2017,NHMSYS0021232322,4. 5-10%,C,NA,NA
22858,Centaurea nigra sens. lat. (=nigra/debauxii),6002496,3053832,21/05/2017,NHMSYS0021232322,3. 1-4%,C,NA,NA
22859,Centaurea nigra sens. lat. (=nigra/debauxii),5705073,2841193,22/04/2017,NHMSYS0021232322,4. 5-10%,C,NA,NA
22860,Centaurea nigra sens. lat. (=nigra/debauxii),2617158,1235948,20/08/2015,NHMSYS0021232322,1. < 1% (1-2 indivs),V,10000,NA
22861,Centaurea nigra sens. lat. (=nigra/debauxii),10396321,5887553,03/06/2019,NHMSYS0021232322,1. < 1% (1-2 indivs),C,NA,NA
22862,Centaurea nigra sens. lat. (=nigra/debauxii),4265843,2083003,13/06/2016,NHMSYS0021232322,3. 1-4%,C,NA,NA
22863,Centaurea nigra sens. lat. (=nigra/debauxii),4256265,2079050,17/08/2016,NHMSYS0021232322,4. 5-10%,C,NA,NA
22864,Centaurea nigra sens. lat. (=nigra/debauxii),6130194,3117447,23/08/2017,NHMSYS0021232322,3. 1-4%,V,NA,NA
22865,Centaurea nigra sens. lat. (=nigra/debauxii),4011324,1943720,07/09/2015,NHMSYS0021232322,1. < 1% (1-2 indivs),V,10000,NA
22866,Centaurea nigra sens. lat. (=nigra/debauxii),3988826,1932366,28/07/2016,NHMSYS0021232322,3. 1-4%,C,NA,NA
22867,Centaurea nigra sens. lat. (=nigra/debauxii),3982305,1929474,01/09/2016,NHMSYS0021232322,3. 1-4%,V,NA,NA
22868,Centaurea nigra sens. lat. (=nigra/debauxii),2448241,1141614,05/07/2015,NHMSYS0021232322,4. 5-10%,V,NA,NA
22869,Centaurea nigra sens. lat. (=nigra/debauxii),4234754,2068120,02/09/2016,NHMSYS0021232322,2. < 1% (several indivs),C,NA,NA
22870,Centaurea nigra sens. lat. (=nigra/debauxii),10396495,5887611,03/06/2019,NHMSYS0021232322,2. < 1% (several indivs),C,NA,NA
22871,Centaurea nigra sens. lat. (=nigra/debauxii),12066997,6975691,20/06/2019,NHMSYS0021232322,4. 5-10%,V,NA,NA
22872,Centaurea nigra sens. lat. (=nigra/debauxii),5988449,3045751,09/08/2017,NHMSYS0021232322,NA,C,NA,NA
22873,Centaurea nigra sens. lat. (=nigra/debauxii),2321690,1089046,17/07/2015,NHMSYS0021232322,10. 91-100%,V,NA,NA
22874,Centaurea nigra sens. lat. (=nigra/debauxii),11437365,6544180,21/05/2019,NHMSYS0021232322,8. 51-75%,C,NA,NA
22875,Centaurea nigra sens. lat. (=nigra/debauxii),2149225,1026725,09/07/2015,NHMSYS0021232322,8. 51-75%,V,NA,NA
22876,Centaurea nigra sens. lat. (=nigra/debauxii),8133809,4109893,16/06/2018,NHMSYS0021232322,4. 5-10%,C,NA,NA
22877,Centaurea nigra sens. lat. (=nigra/debauxii),6265422,3186327,24/05/2017,NHMSYS0021232322,3. 1-4%,C,NA,NA
22878,Centaurea nigra sens. lat. (=nigra/debauxii),5972165,3035839,19/07/2017,NHMSYS0021232322,4. 5-10%,C,10000,NA
22879,Centaurea nigra sens. lat. (=nigra/debauxii),4263143,2082150,26/05/2016,NHMSYS0021232322,2. < 1% (several indivs),C,NA,NA
22880,Centaurea nigra sens. lat. (=nigra/debauxii),5417151,2707735,03/06/2017,NHMSYS0021232322,2. < 1% (several indivs),C,NA,NA
22881,Centaurea nigra sens. lat. (=nigra/debauxii),2149571,1026858,09/07/2015,NHMSYS0021232322,2. < 1% (several indivs),V,NA,NA
22882,Centaurea nigra sens. lat. (=nigra/debauxii),5989316,3045969,13/06/2017,NHMSYS0021232322,4. 5-10%,C,NA,NA
22883,Centaurea nigra sens. lat. (=nigra/debauxii),4068683,1977058,25/06/2016,NHMSYS0021232322,3. 1-4%,C,NA,NA
22884,Centaurea nigra sens. lat. (=nigra/debauxii),11803479,6787246,21/06/2019,NHMSYS0021232322,4. 5-10%,C,NA,NA
22885,Centaurea nigra sens. lat. (=nigra/debauxii),11419129,6533878,10/06/2019,NHMSYS0021232322,3. 1-4%,C,NA,NA
22886,Centaurea nigra sens. lat. (=nigra/debauxii),3840149,1866186,27/07/2016,NHMSYS0021232322,1. < 1% (1-2 indivs),C,NA,NA
22887,Centaurea nigra sens. lat. (=nigra/debauxii),11438089,6544395,01/08/2019,NHMSYS0021232322,9. 76-90%,C,NA,NA
22888,Centaurea nigra sens. lat. (=nigra/debauxii),4083936,1988300,12/07/2016,NHMSYS0021232322,2. < 1% (several indivs),V,NA,NA
22889,Centaurea nigra sens. lat. (=nigra/debauxii),2149121,1026675,04/06/2015,NHMSYS0021232322,8. 51-75%,V,NA,NA
22890,Centaurea nigra sens. lat. (=nigra/debauxii),3910550,1898696,16/08/2016,NHMSYS0021232322,7. 34-50%,C,NA,NA
22891,Centaurea nigra sens. lat. (=nigra/debauxii),2655029,1256965,16/06/2015,NHMSYS0021232322,3. 1-4%,C,NA,NA
22892,Centaurea nigra sens. lat. (=nigra/debauxii),12656281,7440674,22/09/2018,NHMSYS0021232322,3. 1-4%,C,NA,NA
22893,Centaurea nigra sens. lat. (=nigra/debauxii),8331780,4292558,08/05/2018,NHMSYS0021232322,3. 1-4%,C,NA,NA
22894,Centaurea nigra sens. lat. (=nigra/debauxii),7117142,3671531,03/07/2018,NHMSYS0021232322,7. 34-50%,V,NA,NA
22895,Centaurea nigra sens. lat. (=nigra/debauxii),5705135,2841201,02/07/2017,NHMSYS0021232322,5. 11-25%,C,NA,NA
22896,Centaurea nigra sens. lat. (=nigra/debauxii),4266052,2083055,20/06/2016,NHMSYS0021232322,1. < 1% (1-2 indivs),C,NA,NA
22897,Centaurea nigra sens. lat. (=nigra/debauxii),4012313,1944275,09/06/2016,NHMSYS0021232322,3. 1-4%,V,NA,NA
22898,Centaurea nigra sens. lat. (=nigra/debauxii),7895260,3986148,12/07/2018,NHMSYS0021232322,4. 5-10%,C,NA,NA
22899,Centaurea nigra sens. lat. (=nigra/debauxii),5989346,3045976,09/08/2017,NHMSYS0021232322,NA,C,NA,NA
22900,Centaurea nigra sens. lat. (=nigra/debauxii),11438293,6544504,21/05/2019,NHMSYS0021232322,4. 5-10%,C,NA,NA
22901,Centaurea nigra sens. lat. (=nigra/debauxii),5152491,2583318,20/06/2017,NHMSYS0021232322,3. 1-4%,C,NA,NA
22902,Centaurea nigra sens. lat. (=nigra/debauxii),2184379,1040184,19/07/2015,NHMSYS0021232322,1. < 1% (1-2 indivs),V,NA,NA
22903,Centaurea nigra sens. lat. (=nigra/debauxii),7117369,3671671,03/07/2018,NHMSYS0021232322,1. < 1% (1-2 indivs),V,NA,NA
22904,Centaurea nigra sens. lat. (=nigra/debauxii),2687428,1274498,18/06/2015,NHMSYS0021232322,4. 5-10%,V,10000,NA
22905,Centaurea nigra sens. lat. (=nigra/debauxii),6265485,3186348,24/05/2017,NHMSYS0021232322,1. < 1% (1-2 indivs),V,NA,NA
22906,Centaurea nigra sens. lat. (=nigra/debauxii),4263225,2082169,30/08/2016,NHMSYS0021232322,2. < 1% (several indivs),C,NA,NA
22907,Centaurea nigra sens. lat. (=nigra/debauxii),7087372,3660121,01/07/2018,NHMSYS0021232322,1. < 1% (1-2 indivs),V,NA,NA
22908,Centaurea nigra sens. lat. (=nigra/debauxii),7117245,3671610,03/07/2018,NHMSYS0021232322,4. 5-10%,V,NA,NA
22909,Centaurea nigra sens. lat. (=nigra/debauxii),4012332,1944292,07/09/2016,NHMSYS0021232322,3. 1-4%,V,NA,NA
22910,Centaurea nigra sens. lat. (=nigra/debauxii),2409529,1122342,29/08/2015,NHMSYS0021232322,2. < 1% (several indivs),V,NA,NA
22911,Centaurea nigra sens. lat. (=nigra/debauxii),2149279,1026776,04/06/2015,NHMSYS0021232322,7. 34-50%,V,NA,NA
22912,Centaurea nigra sens. lat. (=nigra/debauxii),5345113,2678306,12/07/2017,NHMSYS0021232322,3. 1-4%,C,NA,NA
22913,Centaurea nigra sens. lat. (=nigra/debauxii),7554816,3835445,03/08/2018,NHMSYS0021232322,6. 26-33%,V,NA,NA
22914,Centaurea nigra sens. lat. (=nigra/debauxii),5621837,2799790,15/08/2017,NHMSYS0021232322,2. < 1% (several indivs),C,NA,NA
22915,Centaurea nigra sens. lat. (=nigra/debauxii),4030861,1954856,29/08/2016,NHMSYS0021232322,1. < 1% (1-2 indivs),C,NA,NA
22916,Centaurea nigra sens. lat. (=nigra/debauxii),6083761,3093832,15/08/2017,NHMSYS0021232322,1. < 1% (1-2 indivs),C,NA,NA
22917,Centaurea nigra sens. lat. (=nigra/debauxii),6064430,3084591,03/08/2017,NHMSYS0021232322,6. 26-33%,C,NA,NA
22918,Centaurea nigra sens. lat. (=nigra/debauxii),5705462,2841288,30/07/2017,NHMSYS0021232322,3. 1-4%,C,NA,NA
22919,Centaurea nigra sens. lat. (=nigra/debauxii),2617169,1235920,20/05/2015,NHMSYS0021232322,1. < 1% (1-2 indivs),V,NA,NA
22920,Centaurea nigra sens. lat. (=nigra/debauxii),7110840,3669053,30/06/2018,NHMSYS0021232322,2. < 1% (several indivs),V,NA,NA
22921,Centaurea nigra sens. lat. (=nigra/debauxii),8666445,4534539,13/06/2015,NHMSYS0021232322,3. 1-4%,V,NA,NA
22922,Centaurea nigra sens. lat. (=nigra/debauxii),7488865,3806681,20/07/2018,NHMSYS0021232322,1. < 1% (1-2 indivs),V,NA,NA
22923,Centaurea nigra sens. lat. (=nigra/debauxii),9802642,5360810,13/04/2019,NHMSYS0021232322,2. < 1% (several indivs),V,NA,NA
22924,Centaurea nigra sens. lat. (=nigra/debauxii),7101986,3665748,02/07/2018,NHMSYS0021232322,1. < 1% (1-2 indivs),V,NA,NA
22925,Centaurea nigra sens. lat. (=nigra/debauxii),6105762,3105796,20/09/2017,NHMSYS0021232322,3. 1-4%,C,NA,NA
22926,Centaurea nigra sens. lat. (=nigra/debauxii),3910985,1898803,16/08/2016,NHMSYS0021232322,4. 5-10%,C,NA,NA
22927,Centaurea nigra sens. lat. (=nigra/debauxii),8114895,4099268,07/06/2018,NHMSYS0021232322,3. 1-4%,C,NA,NA
22928,Centaurea nigra sens. lat. (=nigra/debauxii),11786693,6774326,27/06/2019,NHMSYS0021232322,1. < 1% (1-2 indivs),C,NA,NA
22929,Centaurea nigra sens. lat. (=nigra/debauxii),11924920,6873647,20/06/2016,NHMSYS0021232322,1. < 1% (1-2 indivs),C,NA,NA
22930,Centaurea nigra sens. lat. (=nigra/debauxii),4048199,1966674,31/07/2016,NHMSYS0021232322,2. < 1% (several indivs),C,NA,NA
22931,Centaurea nigra sens. lat. (=nigra/debauxii),11420102,6534282,05/08/2019,NHMSYS0021232322,2. < 1% (several indivs),C,NA,NA
22932,Centaurea nigra sens. lat. (=nigra/debauxii),11856306,6826470,30/05/2019,NHMSYS0021232322,2. < 1% (several indivs),C,NA,NA
22933,Centaurea nigra sens. lat. (=nigra/debauxii),2448120,1141571,02/05/2015,NHMSYS0021232322,5. 11-25%,V,NA,NA
22934,Centaurea nigra sens. lat. (=nigra/debauxii),6134829,3119185,26/06/2017,NHMSYS0021232322,4. 5-10%,C,NA,NA
22935,Centaurea nigra sens. lat. (=nigra/debauxii),6133590,3118817,17/05/2017,NHMSYS0021232322,2. < 1% (several indivs),C,NA,NA
22936,Centaurea nigra sens. lat. (=nigra/debauxii),2376960,1109706,12/08/2015,NHMSYS0021232322,4. 5-10%,V,NA,NA
22937,Centaurea nigra sens. lat. (=nigra/debauxii),4272781,2086553,27/05/2016,NHMSYS0021232322,5. 11-25%,C,NA,NA
22938,Centaurea nigra sens. lat. (=nigra/debauxii),12067196,6975741,12/06/2017,NHMSYS0021232322,4. 5-10%,V,NA,NA
22939,Centaurea nigra sens. lat. (=nigra/debauxii),4266739,2083406,30/05/2016,NHMSYS0021232322,NA,C,NA,NA
22940,Centaurea nigra sens. lat. (=nigra/debauxii),4200165,2054313,09/05/2016,NHMSYS0021232322,4. 5-10%,V,NA,NA
22941,Centaurea nigra sens. lat. (=nigra/debauxii),3972068,1925368,29/04/2016,NHMSYS0021232322,NA,C,NA,NA
22942,Centaurea nigra sens. lat. (=nigra/debauxii),3842562,1866904,01/06/2016,NHMSYS0021232322,2. < 1% (several indivs),C,NA,NA
22943,Centaurea nigra sens. lat. (=nigra/debauxii),6134880,3119188,24/09/2017,NHMSYS0021232322,4. 5-10%,C,NA,NA
22944,Centaurea nigra sens. lat. (=nigra/debauxii),7380656,3767056,03/07/2018,NHMSYS0021232322,2. < 1% (several indivs),C,NA,NA
22945,Centaurea nigra sens. lat. (=nigra/debauxii),6133663,3118830,06/09/2017,NHMSYS0021232322,2. < 1% (several indivs),C,NA,NA
22946,Centaurea nigra sens. lat. (=nigra/debauxii),8703497,4555951,17/07/2018,NHMSYS0021232322,3. 1-4%,V,NA,NA
22947,Centaurea nigra sens. lat. (=nigra/debauxii),3910410,1898665,07/06/2016,NHMSYS0021232322,8. 51-75%,C,NA,NA
22948,Centaurea nigra sens. lat. (=nigra/debauxii),2945142,1017751,31/05/2015,NHMSYS0021232322,1. < 1% (1-2 indivs),C,NA,NA
22949,Centaurea nigra sens. lat. (=nigra/debauxii),8689643,4547909,05/07/2016,NHMSYS0021232322,3. 1-4%,V,NA,NA
22950,Centaurea nigra sens. lat. (=nigra/debauxii),5393417,2698962,11/07/2017,NHMSYS0021232322,1. < 1% (1-2 indivs),C,NA,NA
22951,Centaurea nigra sens. lat. (=nigra/debauxii),5518446,2750584,01/08/2017,NHMSYS0021232322,3. 1-4%,C,NA,NA
22952,Centaurea nigra sens. lat. (=nigra/debauxii),11856516,6826521,20/09/2019,NHMSYS0021232322,1. < 1% (1-2 indivs),C,NA,NA
22953,Centaurea nigra sens. lat. (=nigra/debauxii),11923584,6872723,01/07/2019,NHMSYS0021232322,4. 5-10%,C,NA,NA
22954,Centaurea nigra sens. lat. (=nigra/debauxii),2225758,1053725,07/06/2015,NHMSYS0021232322,2. < 1% (several indivs),V,NA,NA
22955,Centaurea nigra sens. lat. (=nigra/debauxii),3910568,1898696,16/08/2016,NHMSYS0021232322,7. 34-50%,C,NA,NA
22956,Centaurea nigra sens. lat. (=nigra/debauxii),5253827,2634703,12/06/2017,NHMSYS0021232322,5. 11-25%,C,NA,NA
22957,Centaurea nigra sens. lat. (=nigra/debauxii),5705344,2841271,07/05/2017,NHMSYS0021232322,4. 5-10%,C,NA,NA
22958,Centaurea nigra sens. lat. (=nigra/debauxii),2129505,1018949,15/06/2015,NHMSYS0021232322,5. 11-25%,V,NA,NA
22959,Centaurea nigra sens. lat. (=nigra/debauxii),8024871,4060360,05/05/2018,NHMSYS0021232322,4. 5-10%,V,NA,NA
22960,Centaurea nigra sens. lat. (=nigra/debauxii),11856945,6826678,30/05/2019,NHMSYS0021232322,4. 5-10%,C,NA,NA
22961,Centaurea nigra sens. lat. (=nigra/debauxii),2619054,1237108,08/05/2015,NHMSYS0021232322,2. < 1% (several indivs),C,10000,NA
22962,Centaurea nigra sens. lat. (=nigra/debauxii),11787030,6774535,27/06/2019,NHMSYS0021232322,4. 5-10%,C,NA,NA
22963,Centaurea nigra sens. lat. (=nigra/debauxii),3985987,1931071,14/08/2016,NHMSYS0021232322,3. 1-4%,C,NA,NA
22964,Centaurea nigra sens. lat. (=nigra/debauxii),12641807,7426974,30/06/2018,NHMSYS0021232322,4. 5-10%,C,NA,NA
22965,Centaurea nigra sens. lat. (=nigra/debauxii),2687400,1274496,07/09/2015,NHMSYS0021232322,1. < 1% (1-2 indivs),V,10000,NA
22966,Centaurea nigra sens. lat. (=nigra/debauxii),3901617,1896008,01/06/2016,NHMSYS0021232322,3. 1-4%,C,NA,NA
22967,Centaurea nigra sens. lat. (=nigra/debauxii),6244233,3173839,20/06/2016,NHMSYS0021232322,4. 5-10%,C,NA,NA
22968,Centaurea nigra sens. lat. (=nigra/debauxii),7753089,3926482,18/07/2018,NHMSYS0021232322,1. < 1% (1-2 indivs),C,NA,NA
22969,Centaurea nigra sens. lat. (=nigra/debauxii),11445269,6549254,21/05/2019,NHMSYS0021232322,2. < 1% (several indivs),C,NA,NA
22970,Centaurea nigra sens. lat. (=nigra/debauxii),6251448,3180687,30/06/2017,NHMSYS0021232322,1. < 1% (1-2 indivs),V,NA,NA
22971,Centaurea nigra sens. lat. (=nigra/debauxii),4254883,2078447,04/08/2016,NHMSYS0021232322,3. 1-4%,C,NA,NA
22972,Centaurea nigra sens. lat. (=nigra/debauxii),6132244,3118159,05/09/2017,NHMSYS0021232322,4. 5-10%,C,NA,NA
22973,Centaurea nigra sens. lat. (=nigra/debauxii),6243800,3173564,30/08/2017,NHMSYS0021232322,2. < 1% (several indivs),C,NA,NA
22974,Centaurea nigra sens. lat. (=nigra/debauxii),2686486,1274383,07/06/2015,NHMSYS0021232322,5. 11-25%,C,NA,NA
22975,Centaurea nigra sens. lat. (=nigra/debauxii),6116664,3110900,22/05/2017,NHMSYS0021232322,2. < 1% (several indivs),V,10000,NA
22976,Centaurea nigra sens. lat. (=nigra/debauxii),2373329,1108344,27/06/2015,NHMSYS0021232322,3. 1-4%,V,NA,NA
22977,Centaurea nigra sens. lat. (=nigra/debauxii),6002510,3053835,29/07/2017,NHMSYS0021232322,2. < 1% (several indivs),C,NA,NA
22978,Centaurea nigra sens. lat. (=nigra/debauxii),2686617,1274396,16/08/2015,NHMSYS0021232322,2. < 1% (several indivs),C,NA,NA
22979,Centaurea nigra sens. lat. (=nigra/debauxii),4004955,1940483,30/08/2016,NHMSYS0021232322,3. 1-4%,C,NA,NA
22980,Centaurea nigra sens. lat. (=nigra/debauxii),5621262,2799562,15/08/2017,NHMSYS0021232322,7. 34-50%,C,NA,NA
22981,Centaurea nigra sens. lat. (=nigra/debauxii),12067100,6975716,20/06/2019,NHMSYS0021232322,6. 26-33%,V,NA,NA
22982,Centaurea nigra sens. lat. (=nigra/debauxii),2614832,1234887,05/07/2015,NHMSYS0021232322,4. 5-10%,C,NA,NA
22983,Centaurea nigra sens. lat. (=nigra/debauxii),8007213,4051189,03/06/2018,NHMSYS0021232322,5. 11-25%,V,NA,NA
22984,Centaurea nigra sens. lat. (=nigra/debauxii),4266762,2083408,04/10/2016,NHMSYS0021232322,NA,C,NA,NA
22985,Centaurea nigra sens. lat. (=nigra/debauxii),5970369,3034810,19/07/2017,NHMSYS0021232322,3. 1-4%,C,NA,NA
22986,Centaurea nigra sens. lat. (=nigra/debauxii),2559613,1205529,18/06/2015,NHMSYS0021232322,1. < 1% (1-2 indivs),V,10000,NA
22987,Centaurea nigra sens. lat. (=nigra/debauxii),8756032,4580007,08/07/2018,NHMSYS0021232322,2. < 1% (several indivs),V,NA,NA
22988,Centaurea nigra sens. lat. (=nigra/debauxii),11198769,6415032,31/07/2019,NHMSYS0021232322,2. < 1% (several indivs),C,NA,NA
22989,Centaurea nigra sens. lat. (=nigra/debauxii),11419541,6534089,05/08/2019,NHMSYS0021232322,4. 5-10%,C,NA,NA
22990,Centaurea nigra sens. lat. (=nigra/debauxii),4265873,2083011,29/08/2016,NHMSYS0021232322,3. 1-4%,C,NA,NA
22991,Centaurea nigra sens. lat. (=nigra/debauxii),4068518,1977006,12/06/2016,NHMSYS0021232322,3. 1-4%,C,NA,NA
22992,Centaurea nigra sens. lat. (=nigra/debauxii),3990055,1932679,12/06/2016,NHMSYS0021232322,3. 1-4%,C,NA,NA
22993,Centaurea nigra sens. lat. (=nigra/debauxii),6116697,3110917,21/08/2017,NHMSYS0021232322,NA,V,10000,NA
22994,Centaurea nigra sens. lat. (=nigra/debauxii),11694652,6703557,24/06/2019,NHMSYS0021232322,3. 1-4%,C,NA,NA
22995,Centaurea nigra sens. lat. (=nigra/debauxii),5598572,2788490,14/08/2017,NHMSYS0021232322,3. 1-4%,C,NA,NA
22996,Centaurea nigra sens. lat. (=nigra/debauxii),4203251,2055603,17/07/2016,NHMSYS0021232322,3. 1-4%,C,NA,NA
22997,Centaurea nigra sens. lat. (=nigra/debauxii),2328556,1091615,12/08/2015,NHMSYS0021232322,5. 11-25%,V,NA,NA
22998,Centaurea nigra sens. lat. (=nigra/debauxii),4310229,2105020,12/06/2016,NHMSYS0021232322,3. 1-4%,V,NA,NA
22999,Centaurea nigra sens. lat. (=nigra/debauxii),12056900,6967908,14/05/2019,NHMSYS0021232322,1. < 1% (1-2 indivs),C,NA,NA
23000,Centaurea nigra sens. lat. (=nigra/debauxii),2583885,1219654,30/05/2015,NHMSYS0021232322,4. 5-10%,V,NA,NA
23001,Centaurea nigra sens. lat. (=nigra/debauxii),10710742,6106100,03/07/2019,NHMSYS0021232322,2. < 1% (several indivs),V,NA,NA
23002,Centaurea nigra sens. lat. (=nigra/debauxii),11855837,6826395,20/09/2019,NHMSYS0021232322,3. 1-4%,C,NA,NA
23003,Centaurea nigra sens. lat. (=nigra/debauxii),7488798,3806644,20/07/2018,NHMSYS0021232322,1. < 1% (1-2 indivs),V,NA,NA
23004,Centaurea nigra sens. lat. (=nigra/debauxii),12057188,6968039,14/05/2019,NHMSYS0021232322,1. < 1% (1-2 indivs),C,NA,NA
23005,Centaurea nigra sens. lat. (=nigra/debauxii),6825237,3521875,25/05/2018,NHMSYS0021232322,2. < 1% (several indivs),C,NA,NA
23006,Centaurea nigra sens. lat. (=nigra/debauxii),2384492,1112556,20/06/2015,NHMSYS0021232322,1. < 1% (1-2 indivs),V,NA,NA
23007,Centaurea nigra sens. lat. (=nigra/debauxii),2583920,1219679,20/08/2015,NHMSYS0021232322,3. 1-4%,V,NA,NA
23008,Centaurea nigra sens. lat. (=nigra/debauxii),4203227,2055598,16/06/2016,NHMSYS0021232322,3. 1-4%,C,NA,NA
23009,Centaurea nigra sens. lat. (=nigra/debauxii),5621777,2799768,12/06/2017,NHMSYS0021232322,1. < 1% (1-2 indivs),C,NA,NA
23010,Centaurea nigra sens. lat. (=nigra/debauxii),4235261,2068293,18/08/2016,NHMSYS0021232322,2. < 1% (several indivs),C,NA,NA
23011,Centaurea nigra sens. lat. (=nigra/debauxii),10849456,6182501,24/05/2019,NHMSYS0021232322,1. < 1% (1-2 indivs),C,NA,NA
23012,Centaurea nigra sens. lat. (=nigra/debauxii),8660805,4531796,13/09/2018,NHMSYS0021232322,1. < 1% (1-2 indivs),C,NA,NA
23013,Centaurea nigra sens. lat. (=nigra/debauxii),4258344,2079810,31/08/2016,NHMSYS0021232322,1. < 1% (1-2 indivs),C,NA,NA
23014,Centaurea nigra sens. lat. (=nigra/debauxii),6134608,3119129,26/06/2017,NHMSYS0021232322,3. 1-4%,C,NA,NA
23015,Centaurea nigra sens. lat. (=nigra/debauxii),2584198,1219778,20/08/2015,NHMSYS0021232322,NA,V,NA,NA
23016,Centaurea nigra sens. lat. (=nigra/debauxii),12057324,6968129,13/08/2019,NHMSYS0021232322,2. < 1% (several indivs),C,NA,NA
23017,Centaurea nigra sens. lat. (=nigra/debauxii),3988868,1932375,28/07/2016,NHMSYS0021232322,1. < 1% (1-2 indivs),C,NA,NA
23018,Centaurea nigra sens. lat. (=nigra/debauxii),11023977,6287403,26/07/2019,NHMSYS0021232322,1. < 1% (1-2 indivs),V,NA,NA
23019,Centaurea nigra sens. lat. (=nigra/debauxii),4258353,2079807,29/05/2016,NHMSYS0021232322,1. < 1% (1-2 indivs),C,NA,NA
23020,Centaurea nigra sens. lat. (=nigra/debauxii),4339980,2122152,30/06/2016,NHMSYS0021232322,3. 1-4%,C,NA,NA
23021,Centaurea nigra sens. lat. (=nigra/debauxii),5772653,2876063,29/08/2017,NHMSYS0021232322,1. < 1% (1-2 indivs),C,NA,NA
23022,Centaurea nigra sens. lat. (=nigra/debauxii),3901520,1895987,01/06/2016,NHMSYS0021232322,6. 26-33%,C,NA,NA
23023,Centaurea nigra sens. lat. (=nigra/debauxii),5622225,2799978,18/08/2017,NHMSYS0021232322,3. 1-4%,C,NA,NA
23024,Centaurea nigra sens. lat. (=nigra/debauxii),6265442,3186332,29/08/2017,NHMSYS0021232322,3. 1-4%,C,NA,NA
23025,Centaurea nigra sens. lat. (=nigra/debauxii),7110678,3668999,30/06/2018,NHMSYS0021232322,1. < 1% (1-2 indivs),V,NA,NA
23026,Centaurea nigra sens. lat. (=nigra/debauxii),12067033,6975699,20/06/2019,NHMSYS0021232322,4. 5-10%,V,NA,NA
23027,Centaurea nigra sens. lat. (=nigra/debauxii),6042233,2449964,15/05/2017,NHMSYS0021232322,1. < 1% (1-2 indivs),C,NA,NA
23028,Centaurea nigra sens. lat. (=nigra/debauxii),5621515,2799637,15/08/2017,NHMSYS0021232322,NA,C,NA,NA
23029,Centaurea nigra sens. lat. (=nigra/debauxii),6267075,3186965,09/07/2017,NHMSYS0021232322,4. 5-10%,V,NA,NA
23030,Centaurea nigra sens. lat. (=nigra/debauxii),12656223,7440672,22/09/2018,NHMSYS0021232322,2. < 1% (several indivs),C,NA,NA
23031,Centaurea nigra sens. lat. (=nigra/debauxii),7641169,3877870,12/06/2018,NHMSYS0021232322,3. 1-4%,V,NA,NA
23032,Centaurea nigra sens. lat. (=nigra/debauxii),6105663,3105779,24/05/2017,NHMSYS0021232322,4. 5-10%,C,NA,NA
23033,Centaurea nigra sens. lat. (=nigra/debauxii),10846241,6181254,15/07/2019,NHMSYS0021232322,4. 5-10%,C,NA,NA
23034,Centaurea nigra sens. lat. (=nigra/debauxii),12057039,6967967,13/08/2019,NHMSYS0021232322,3. 1-4%,C,NA,NA
23035,Centaurea nigra sens. lat. (=nigra/debauxii),2640860,1248361,21/08/2015,NHMSYS0021232322,3. 1-4%,V,NA,NA
23036,Centaurea nigra sens. lat. (=nigra/debauxii),3312327,1604923,24/05/2016,NHMSYS0021232322,5. 11-25%,V,NA,NA
23037,Centaurea nigra sens. lat. (=nigra/debauxii),4012997,1944391,09/06/2016,NHMSYS0021232322,4. 5-10%,V,10000,NA
23038,Centaurea nigra sens. lat. (=nigra/debauxii),10549120,6006039,30/06/2019,NHMSYS0021232322,4. 5-10%,C,NA,NA
23039,Centaurea nigra sens. lat. (=nigra/debauxii),5791469,2885344,11/06/2017,NHMSYS0021232322,3. 1-4%,C,NA,NA
23040,Centaurea nigra sens. lat. (=nigra/debauxii),3961007,1919804,13/06/2016,NHMSYS0021232322,3. 1-4%,C,NA,NA
23041,Centaurea nigra sens. lat. (=nigra/debauxii),2617085,1235929,20/05/2015,NHMSYS0021232322,4. 5-10%,V,10000,NA
23042,Centaurea nigra sens. lat. (=nigra/debauxii),2552086,1198420,15/09/2015,NHMSYS0021232322,2. < 1% (several indivs),V,NA,NA
23043,Centaurea nigra sens. lat. (=nigra/debauxii),5621083,2799438,12/06/2017,NHMSYS0021232322,7. 34-50%,C,NA,NA
23044,Centaurea nigra sens. lat. (=nigra/debauxii),2552745,1198731,07/09/2015,NHMSYS0021232322,1. < 1% (1-2 indivs),V,10000,NA
23045,Centaurea nigra sens. lat. (=nigra/debauxii),8660775,4531764,25/07/2018,NHMSYS0021232322,1. < 1% (1-2 indivs),C,NA,NA
23046,Centaurea nigra sens. lat. (=nigra/debauxii),4070259,1978280,31/07/2016,NHMSYS0021232322,3. 1-4%,C,NA,NA
23047,Centaurea nigra sens. lat. (=nigra/debauxii),5394750,2699418,05/07/2017,NHMSYS0021232322,1. < 1% (1-2 indivs),C,NA,NA
23048,Centaurea nigra sens. lat. (=nigra/debauxii),8024915,4060365,21/07/2018,NHMSYS0021232322,4. 5-10%,V,NA,NA
23049,Centaurea nigra sens. lat. (=nigra/debauxii),11438556,6544513,01/08/2019,NHMSYS0021232322,4. 5-10%,C,NA,NA
23050,Centaurea nigra sens. lat. (=nigra/debauxii),5455215,2722215,26/07/2017,NHMSYS0021232322,2. < 1% (several indivs),C,NA,NA
23051,Centaurea nigra sens. lat. (=nigra/debauxii),2687367,1274494,18/06/2015,NHMSYS0021232322,1. < 1% (1-2 indivs),V,10000,NA
23052,Centaurea nigra sens. lat. (=nigra/debauxii),4340230,2122233,18/09/2016,NHMSYS0021232322,5. 11-25%,C,NA,NA
23053,Centaurea nigra sens. lat. (=nigra/debauxii),5962391,3029827,31/08/2017,NHMSYS0021232322,NA,C,NA,NA
23054,Centaurea nigra sens. lat. (=nigra/debauxii),5060945,2535923,20/05/2017,NHMSYS0021232322,2. < 1% (several indivs),V,NA,NA
23055,Centaurea nigra sens. lat. (=nigra/debauxii),10817450,6167982,10/07/2019,NHMSYS0021232322,2. < 1% (several indivs),C,NA,NA
23056,Centaurea nigra sens. lat. (=nigra/debauxii),2287914,1076936,04/08/2015,NHMSYS0021232322,5. 11-25%,V,NA,NA
23057,Centaurea nigra sens. lat. (=nigra/debauxii),6105704,3105782,06/07/2017,NHMSYS0021232322,3. 1-4%,C,NA,NA
23058,Centaurea nigra sens. lat. (=nigra/debauxii),7732147,3916499,01/08/2018,NHMSYS0021232322,3. 1-4%,C,NA,NA
23059,Centaurea nigra sens. lat. (=nigra/debauxii),8755878,4579936,30/06/2018,NHMSYS0021232322,2. < 1% (several indivs),V,NA,NA
23060,Centaurea nigra sens. lat. (=nigra/debauxii),11707035,6710672,01/09/2019,NHMSYS0021232322,4. 5-10%,V,NA,NA
23061,Centaurea nigra sens. lat. (=nigra/debauxii),4340035,2122177,18/09/2016,NHMSYS0021232322,3. 1-4%,C,NA,NA
23062,Centaurea nigra sens. lat. (=nigra/debauxii),4012772,1944359,07/09/2016,NHMSYS0021232322,1. < 1% (1-2 indivs),V,10000,NA
23063,Centaurea nigra sens. lat. (=nigra/debauxii),4340291,2122263,30/06/2016,NHMSYS0021232322,3. 1-4%,C,NA,NA
23064,Centaurea nigra sens. lat. (=nigra/debauxii),2306291,1083752,01/08/2015,NHMSYS0021232322,5. 11-25%,V,NA,NA
23065,Centaurea nigra sens. lat. (=nigra/debauxii),5987876,3042840,13/06/2017,NHMSYS0021232322,1. < 1% (1-2 indivs),C,NA,NA
23066,Centaurea nigra sens. lat. (=nigra/debauxii),6105675,3105780,29/05/2017,NHMSYS0021232322,4. 5-10%,V,NA,NA
23067,Centaurea nigra sens. lat. (=nigra/debauxii),2614813,1234886,02/05/2015,NHMSYS0021232322,4. 5-10%,C,NA,NA
23068,Centaurea nigra sens. lat. (=nigra/debauxii),7641993,3878060,07/08/2018,NHMSYS0021232322,NA,V,NA,NA
23069,Centaurea nigra sens. lat. (=nigra/debauxii),6105723,3105786,29/08/2017,NHMSYS0021232322,4. 5-10%,V,NA,NA
23070,Centaurea nigra sens. lat. (=nigra/debauxii),4013263,1944472,07/09/2016,NHMSYS0021232322,5. 11-25%,V,10000,NA
23071,Centaurea nigra sens. lat. (=nigra/debauxii),7846439,3971049,01/09/2018,NHMSYS0021232322,3. 1-4%,C,NA,NA
23072,Centaurea nigra sens. lat. (=nigra/debauxii),2306324,1083758,01/08/2015,NHMSYS0021232322,3. 1-4%,V,NA,NA
23073,Centaurea nigra sens. lat. (=nigra/debauxii),12656150,7440670,29/06/2018,NHMSYS0021232322,2. < 1% (several indivs),C,NA,NA
23074,Centaurea nigra sens. lat. (=nigra/debauxii),5455204,2722210,07/06/2017,NHMSYS0021232322,5. 11-25%,C,NA,NA
23075,Centaurea nigra sens. lat. (=nigra/debauxii),12664963,7450065,01/06/2019,NHMSYS0021232322,1. < 1% (1-2 indivs),C,NA,NA
23076,Centaurea nigra sens. lat. (=nigra/debauxii),10179610,5693690,19/05/2019,NHMSYS0021232322,3. 1-4%,C,NA,NA
23077,Centaurea nigra sens. lat. (=nigra/debauxii),7732116,3916488,27/05/2018,NHMSYS0021232322,NA,C,NA,NA
23078,Centaurea nigra sens. lat. (=nigra/debauxii),7517596,3819299,06/08/2018,NHMSYS0021232322,3. 1-4%,V,NA,NA
23079,Centaurea nigra sens. lat. (=nigra/debauxii),6817133,3517362,11/05/2018,NHMSYS0021232322,5. 11-25%,C,NA,NA
23080,Centaurea nigra sens. lat. (=nigra/debauxii),5649591,2813723,21/07/2017,NHMSYS0021232322,4. 5-10%,V,NA,NA
23081,Centaurea nigra sens. lat. (=nigra/debauxii),2559635,1205563,18/06/2015,NHMSYS0021232322,4. 5-10%,V,NA,NA
23082,Centaurea nigra sens. lat. (=nigra/debauxii),4200301,2054339,29/08/2016,NHMSYS0021232322,4. 5-10%,V,NA,NA
23083,Centaurea nigra sens. lat. (=nigra/debauxii),3961026,1919807,17/08/2016,NHMSYS0021232322,NA,C,NA,NA
23084,Centaurea nigra sens. lat. (=nigra/debauxii),2687478,1274503,07/09/2015,NHMSYS0021232322,6. 26-33%,V,10000,NA
23085,Centaurea nigra sens. lat. (=nigra/debauxii),11857137,6826746,20/09/2019,NHMSYS0021232322,5. 11-25%,C,NA,NA
23086,Centaurea nigra sens. lat. (=nigra/debauxii),2524428,1182095,08/06/2015,NHMSYS0021232322,2. < 1% (several indivs),V,10000,NA
23087,Centaurea nigra sens. lat. (=nigra/debauxii),2524346,1182044,23/04/2015,NHMSYS0021232322,1. < 1% (1-2 indivs),V,10000,NA
23088,Centaurea nigra sens. lat. (=nigra/debauxii),5621464,2799612,12/06/2017,NHMSYS0021232322,4. 5-10%,C,NA,NA
23089,Centaurea nigra sens. lat. (=nigra/debauxii),5573769,2777089,11/08/2017,NHMSYS0021232322,2. < 1% (several indivs),C,NA,NA
23090,Centaurea nigra sens. lat. (=nigra/debauxii),2078562,995840,15/06/2015,NHMSYS0021232322,2. < 1% (several indivs),V,NA,NA
23091,Centaurea nigra sens. lat. (=nigra/debauxii),11023901,6287393,26/07/2019,NHMSYS0021232322,2. < 1% (several indivs),V,NA,NA
23092,Centaurea nigra sens. lat. (=nigra/debauxii),2564729,1208875,28/08/2015,NHMSYS0021232322,1. < 1% (1-2 indivs),C,NA,NA
23093,Centaurea nigra sens. lat. (=nigra/debauxii),8756005,4579996,26/05/2018,NHMSYS0021232322,2. < 1% (several indivs),V,NA,NA
23094,Centaurea nigra sens. lat. (=nigra/debauxii),4340978,2122709,24/08/2016,NHMSYS0021232322,3. 1-4%,V,NA,NA
23095,Centaurea nigra sens. lat. (=nigra/debauxii),5622197,2799960,18/08/2017,NHMSYS0021232322,3. 1-4%,C,NA,NA
23096,Centaurea nigra sensu strictu,12182734,7050762,28/09/2017,NHMSYS0021232354,4. 5-10%,C,NA,NA
23097,Centaurea nigra sensu strictu,12153869,7028646,07/09/2015,NHMSYS0021232354,1. < 1% (1-2 indivs),C,NA,NA
23098,Centaurea nigra sensu strictu,12152291,7028117,18/06/2015,NHMSYS0021232354,1. < 1% (1-2 indivs),C,NA,NA
23099,Centaurea nigra sensu strictu,12154194,7028972,07/09/2015,NHMSYS0021232354,1. < 1% (1-2 indivs),C,NA,NA
23100,Centaurea nigra sensu strictu,12182336,7050578,19/07/2017,NHMSYS0021232354,1. < 1% (1-2 indivs),C,NA,NA
23101,Centaurea nigra sensu strictu,12153687,7028604,18/06/2015,NHMSYS0021232354,1. < 1% (1-2 indivs),C,NA,NA
23102,Centaurea nigra sensu strictu,12182539,7050678,19/07/2017,NHMSYS0021232354,4. 5-10%,C,NA,NA
23103,Centaurea nigra sensu strictu,12180131,7047096,07/09/2016,NHMSYS0021232354,1. < 1% (1-2 indivs),C,NA,NA
23104,Centaurea nigra sensu strictu,12182421,7050639,28/09/2017,NHMSYS0021232354,2. < 1% (several indivs),C,NA,NA
23105,Centaurea nigra sensu strictu,12152706,7028296,18/06/2015,NHMSYS0021232354,4. 5-10%,C,NA,NA
23106,Centaurea nigra sensu strictu,12180248,7046711,09/06/2016,NHMSYS0021232354,4. 5-10%,C,NA,NA
23107,Centaurea nigra sensu strictu,12178895,7046709,09/06/2016,NHMSYS0021232354,2. < 1% (several indivs),C,NA,NA
23108,Centaurea nigra sensu strictu,12154648,7029171,07/09/2015,NHMSYS0021232354,6. 26-33%,C,NA,NA
23109,Centaurea nigra sensu strictu,12180350,7047205,07/09/2016,NHMSYS0021232354,5. 11-25%,C,NA,NA
23341,Centaurium pulchellum,12127178,7013794,17/09/2017,NBNSYS0000003958,3. 1-4%,C,NA,NA
24991,Ceratophyllum demersum,12168919,7039667,18/08/2019,NBNSYS0000002761,6. 26-33%,C,NA,NA
25556,Chiastophyllum oppositifolium,12143829,7023210,19/06/2019,NBNSYS0200003539,1. < 1% (1-2 indivs),C,NA,NA
25557,Chiastophyllum oppositifolium,12143955,7023221,26/08/2019,NBNSYS0200003539,2. < 1% (several indivs),C,NA,NA
36937,Cyperaceae,12044500,6938219,23/08/2019,NBNSYS0000159812,2. < 1% (several indivs),C,NA,NA
41285,Drosera rotundifolia x intermedia = D. x belezeana,12064502,6973459,25/06/2019,NHMSYS0001754523,1. < 1% (1-2 indivs),C,NA,NA
41286,Drosera rotundifolia x intermedia = D. x belezeana,12064557,6973466,11/09/2019,NHMSYS0001754523,1. < 1% (1-2 indivs),C,NA,NA
46032,Erica vagans,12078990,6985055,11/08/2019,NBNSYS0000003913,2. < 1% (several indivs),C,NA,NA
46033,Erica vagans,12078942,6985032,24/05/2019,NBNSYS0000003913,2. < 1% (several indivs),C,NA,NA
46902,Erysimum cheiri,11767804,6758846,04/08/2019,NBNSYS0000002904,2. < 1% (several indivs),C,NA,NA
46903,Erysimum cheiri,11767605,6758729,07/05/2019,NBNSYS0000002904,2. < 1% (several indivs),C,NA,NA
46909,Eucalyptus,12064419,6973437,13/09/2019,NHMSYS0000458614,1. < 1% (1-2 indivs),C,NA,NA
46910,Eucalyptus,12064325,6973407,21/06/2019,NHMSYS0000458614,1. < 1% (1-2 indivs),C,NA,NA
47355,Euphrasia officinalis subsp. pratensis,12065982,6974011,01/06/2019,NHMSYS0021127705,1. < 1% (1-2 indivs),C,NA,NA
47586,Fagus sylvatica 'Purpurea',10477961,5952549,17/06/2019,NBNSYS0500000280,1. < 1% (1-2 indivs),C,NA,NA
47587,Fagus sylvatica 'Purpurea',12062603,6972708,28/10/2019,NBNSYS0500000280,1. < 1% (1-2 indivs),C,NA,NA
50867,Fumaria capreolata,10258965,5766412,21/05/2019,NBNSYS0000002783,3. 1-4%,C,NA,NA
50868,Fumaria capreolata subsp. capreolata,10093182,5626784,12/05/2019,NHMSYS0000458907,2. < 1% (several indivs),V,NA,NA
50925,Galeopsis,10553950,6008469,01/06/2019,NHMSYS0000458951,2. < 1% (several indivs),C,NA,NA
50926,Galeopsis angustifolia,11971195,6906514,13/08/2019,NBNSYS0000004249,2. < 1% (several indivs),C,NA,NA
50932,Galeopsis speciosa,12021580,6942192,03/08/2019,NHMSYS0000458954,4. 5-10%,C,NA,NA
56885,Genista anglica var. subinermis,10581904,6025716,01/07/2019,NBNSYS0000013995,2. < 1% (several indivs),C,NA,NA
56886,Genista anglica var. subinermis,10581951,6025730,01/07/2019,NBNSYS0000013995,1. < 1% (1-2 indivs),C,NA,NA
57422,Geranium nodosum,11681073,6692813,30/08/2019,NBNSYS0000003151,1. < 1% (1-2 indivs),C,NA,NA
57423,Geranium nodosum,11855879,6826421,26/08/2019,NBNSYS0000003151,1. < 1% (1-2 indivs),C,NA,NA
57424,Geranium nodosum,11856077,6826449,26/08/2019,NBNSYS0000003151,3. 1-4%,C,NA,NA
57425,Geranium nodosum,11681041,6692811,20/05/2019,NBNSYS0000003151,1. < 1% (1-2 indivs),C,NA,NA
67213,Hippuris,12040211,6956197,09/08/2019,NHMSYS0000459716,1. < 1% (1-2 indivs),C,NA,NA
71186,Hydrocotyle ranunculoides,12047543,6962133,06/10/2019,NHMSYS0000459812,5. 11-25%,V,NA,NA
71360,Hypericum hircinum,8893740,4695507,29/04/2018,NBNSYS0000002955,1. < 1% (1-2 indivs),C,NA,NA
73609,Inula crithmoides,11884438,6846229,15/06/2019,NBNSYS0000004398,3. 1-4%,V,NA,NA
74595,Juncus conglomeratus var. conglomeratus,11604165,6650346,23/08/2019,NBNSYS0100003624,3. 1-4%,C,NA,NA
76919,Lamiaceae,11719171,6720561,02/08/2019,NBNSYS0000160266,2. < 1% (several indivs),C,NA,NA
76920,Lamiastrum galeobdolon,11707534,6710931,02/09/2019,NBNSYS0000004239,4. 5-10%,V,NA,NA
76921,Lamiastrum galeobdolon,3803565,1852580,23/06/2016,NBNSYS0000004239,1. < 1% (1-2 indivs),V,NA,NA
76922,Lamiastrum galeobdolon,10378434,5870979,30/04/2019,NBNSYS0000004239,4. 5-10%,V,NA,NA
76923,Lamiastrum galeobdolon,10710320,6106011,03/07/2019,NBNSYS0000004239,4. 5-10%,V,NA,NA
76924,Lamiastrum galeobdolon,5580601,2779660,12/08/2017,NBNSYS0000004239,2. < 1% (several indivs),V,NA,NA
76925,Lamiastrum galeobdolon,10802706,6159061,09/07/2019,NBNSYS0000004239,3. 1-4%,C,NA,NA
76926,Lamiastrum galeobdolon,5589246,2783886,25/07/2017,NBNSYS0000004239,3. 1-4%,V,NA,NA
76927,Lamiastrum galeobdolon,6267138,3186972,10/05/2017,NBNSYS0000004239,2. < 1% (several indivs),V,NA,NA
76928,Lamiastrum galeobdolon,6759373,3484594,13/05/2018,NBNSYS0000004239,4. 5-10%,V,NA,NA
76929,Lamiastrum galeobdolon,6814070,3516149,19/05/2018,NBNSYS0000004239,4. 5-10%,C,NA,NA
76930,Lamiastrum galeobdolon,8334420,4293944,10/07/2018,NBNSYS0000004239,3. 1-4%,C,NA,NA
76931,Lamiastrum galeobdolon,7895141,3986092,24/05/2018,NBNSYS0000004239,2. < 1% (several indivs),C,NA,NA
76932,Lamiastrum galeobdolon,8334372,4293930,08/05/2018,NBNSYS0000004239,3. 1-4%,C,NA,NA
76933,Lamiastrum galeobdolon,6118578,3111675,28/05/2017,NBNSYS0000004239,2. < 1% (several indivs),C,NA,NA
76934,Lamiastrum galeobdolon,9804298,5361692,13/04/2019,NBNSYS0000004239,5. 11-25%,V,NA,NA
76935,Lamiastrum galeobdolon,5173513,2593257,16/06/2017,NBNSYS0000004239,4. 5-10%,C,NA,NA
76936,Lamiastrum galeobdolon,7917569,3998528,25/08/2018,NBNSYS0000004239,4. 5-10%,V,NA,NA
76937,Lamiastrum galeobdolon,6267190,3186979,10/05/2017,NBNSYS0000004239,3. 1-4%,V,NA,NA
76938,Lamiastrum galeobdolon,4814815,2360999,19/04/2017,NBNSYS0000004239,3. 1-4%,V,NA,NA
76939,Lamiastrum galeobdolon,2653569,1256445,07/09/2015,NBNSYS0000004239,3. 1-4%,V,NA,NA
76940,Lamiastrum galeobdolon,6118598,3111681,29/07/2017,NBNSYS0000004239,2. < 1% (several indivs),C,NA,NA
76941,Lamiastrum galeobdolon,3899561,1895326,18/08/2016,NBNSYS0000004239,2. < 1% (several indivs),V,NA,NA
76942,Lamiastrum galeobdolon,4887858,2405676,07/05/2017,NBNSYS0000004239,3. 1-4%,V,NA,NA
76946,Lamiastrum galeobdolon subsp. montanum,3917670,1900488,08/08/2016,NBNSYS0000004760,3. 1-4%,C,NA,NA
76947,Lamiastrum galeobdolon subsp. montanum,11998690,6925125,16/05/2019,NBNSYS0000004760,2. < 1% (several indivs),C,NA,NA
76948,Lamiastrum galeobdolon subsp. montanum,3917630,1256481,25/05/2015,NBNSYS0000004760,3. 1-4%,C,NA,NA
76949,Lamiastrum galeobdolon subsp. montanum,5795445,2887267,13/07/2017,NBNSYS0000004760,4. 5-10%,C,NA,NA
77786,Lathyrus aphaca,10790088,6152487,01/07/2019,NBNSYS0000003298,3. 1-4%,C,NA,NA
78626,Leontodon hispidus var. glabratus,12080911,6985775,07/07/2019,NBNSYS0000014019,2. < 1% (several indivs),C,NA,NA
78972,Ligusticum,9802653,5360810,13/04/2019,NHMSYS0000460333,3. 1-4%,V,NA,NA
78973,Ligusticum,10710748,6106100,03/07/2019,NHMSYS0000460333,3. 1-4%,V,NA,NA
79494,Listera cordata,5525055,2754303,21/06/2017,NHMSYS0021123729,1. < 1% (1-2 indivs),C,NA,NA
79495,Listera cordata,5525102,2754326,25/07/2017,NHMSYS0021123729,NA,C,NA,NA
82324,Lotus tenuis,11707028,6710672,01/09/2019,NHMSYS0000460472,5. 11-25%,V,NA,NA
82325,Lotus tenuis,11761970,6754822,11/08/2019,NHMSYS0000460472,2. < 1% (several indivs),C,NA,NA
83466,Marrubium vulgare,11767153,6758485,07/08/2019,NBNSYS0000004258,1. < 1% (1-2 indivs),C,NA,NA
83484,Matricaria disciformis,11771322,6761911,06/05/2019,NHMSYS0000460609,2. < 1% (several indivs),V,NA,NA
86620,Myosotis scorpioides x laxa = M. x suzae,11845883,6818975,20/09/2019,NHMSYS0001754538,2. < 1% (several indivs),C,NA,NA
86854,Myrtus communis,12103763,6996248,25/08/2019,NBNSYS0500000329,1. < 1% (1-2 indivs),V,NA,NA
86855,Myrtus communis,12103720,6996243,16/06/2019,NBNSYS0500000329,1. < 1% (1-2 indivs),C,NA,NA
87946,Onopordum acanthium,11884519,6846245,15/06/2019,NBNSYS0000004499,2. < 1% (several indivs),V,NA,NA
88020,Origanum,8798382,4606808,22/08/2018,NHMSYS0000461361,2. < 1% (several indivs),C,NA,NA
88159,Ornithogalum angustifolium,11771236,6761885,06/05/2019,NBNSYS0000002179,3. 1-4%,V,NA,NA
88717,Panicum miliaceum,12203116,7071765,26/09/2019,NBNSYS0000004667,9. 76-90%,V,NA,NA
89238,Petasites fragrans,10846223,6181254,15/07/2019,NHMSYS0000461630,5. 11-25%,C,NA,NA
89239,Petasites fragrans,10212690,5720778,13/05/2019,NHMSYS0000461630,7. 34-50%,C,NA,NA
90826,Pinus,12047537,6962133,06/10/2019,NHMSYS0000461702,1. < 1% (1-2 indivs),C,NA,NA
90827,Pinus,12047426,6962114,15/06/2019,NHMSYS0000461702,1. < 1% (1-2 indivs),C,NA,NA
94100,Platanthera,10846295,6181271,24/05/2019,NHMSYS0000461773,1. < 1% (1-2 indivs),C,NA,NA
96361,Polypodium vulgare sensu lato,5971689,3035637,19/07/2017,NHMSYS0000494763,1. < 1% (1-2 indivs),C,10000,NA
96362,Polypodium vulgare sensu lato,4012774,1944359,07/09/2016,NHMSYS0000494763,1. < 1% (1-2 indivs),V,10000,NA
96363,Polypodium vulgare sensu lato,5971793,3035697,19/07/2017,NHMSYS0000494763,1. < 1% (1-2 indivs),C,10000,NA
96364,Polypodium vulgare sensu lato,12152274,7028117,18/06/2015,NHMSYS0000494763,1. < 1% (1-2 indivs),C,NA,NA
96365,Polypodium vulgare sensu lato,12182325,7050578,19/07/2017,NHMSYS0000494763,1. < 1% (1-2 indivs),C,NA,NA
96366,Polypodium vulgare sensu lato,11872700,6837920,20/08/2019,NHMSYS0000494763,1. < 1% (1-2 indivs),V,NA,NA
96367,Polypodium vulgare sensu lato,4012642,1944337,09/06/2016,NHMSYS0000494763,1. < 1% (1-2 indivs),V,10000,NA
96368,Polypodium vulgare sensu lato,12182411,7050639,28/09/2017,NHMSYS0000494763,1. < 1% (1-2 indivs),C,NA,NA
96369,Polypodium vulgare sensu lato,5962046,3029544,23/08/2017,NHMSYS0000494763,2. < 1% (several indivs),V,NA,NA
96370,Polypodium vulgare sensu lato,12178897,7046709,09/06/2016,NHMSYS0000494763,1. < 1% (1-2 indivs),C,NA,NA
96371,Polypodium vulgare sensu lato,12180132,7047096,07/09/2016,NHMSYS0000494763,1. < 1% (1-2 indivs),C,NA,NA
96575,Potamogeton perfoliatus,11947127,6890902,26/05/2019,NBNSYS0000002134,2. < 1% (several indivs),C,NA,NA
96576,Potamogeton perfoliatus,11947218,6890931,01/09/2019,NBNSYS0000002134,2. < 1% (several indivs),C,NA,NA
100727,Prunus domestica subsp. domestica,11266826,6453622,20/08/2018,NHMSYS0000462083,1. < 1% (1-2 indivs),C,NA,NA
104747,Quercus robur forma fastigiata,10504507,5974192,20/06/2019,NHMSYS0019998083,2. < 1% (several indivs),C,NA,NA
106149,Ranunculus aquatilis,12103178,6996085,22/05/2019,NBNSYS0000002731,5. 11-25%,C,NA,NA
106150,Ranunculus aquatilis x fluitans,11824176,6804843,16/07/2019,NHMSYS0100002635,5. 11-25%,C,NA,NA
106151,Ranunculus aquatilis x fluitans,11824106,6804766,18/06/2019,NHMSYS0100002635,5. 11-25%,C,NA,NA
110357,Ribes sanguineum,10212696,5720778,13/05/2019,NBNSYS0000003516,1. < 1% (1-2 indivs),C,NA,NA
110358,Ribes sanguineum,10846229,6181254,15/07/2019,NBNSYS0000003516,1. < 1% (1-2 indivs),C,NA,NA
111116,Rosa micrantha,12067283,6975760,03/07/2017,NHMSYS0000462468,5. 11-25%,V,NA,NA
111117,Rosa micrantha,11797278,6782566,28/05/2019,NHMSYS0000462468,1. < 1% (1-2 indivs),V,NA,NA
111118,Rosa micrantha,12067302,6975762,25/08/2017,NHMSYS0000462468,5. 11-25%,V,NA,NA
111119,Rosa micrantha,12067025,6975699,20/06/2019,NHMSYS0000462468,3. 1-4%,V,NA,NA
111120,Rosa micrantha,12067053,6975707,20/06/2019,NHMSYS0000462468,3. 1-4%,V,NA,NA
111121,Rosa obtusifolia,10393046,5883936,03/06/2019,NBNSYS0000003404,1. < 1% (1-2 indivs),C,NA,NA
119160,Rumex crispus subsp. crispus,10550469,6006679,30/06/2019,NHMSYS0000462972,1. < 1% (1-2 indivs),C,NA,NA
119164,Rumex crispus x obtusifolius = R. x pratensis,11042153,6298524,10/05/2019,NBNSYS0000161965,3. 1-4%,C,NA,NA
120526,Rumex obtusifolius var. obtusifolius,10849457,6182501,24/05/2019,NBNSYS0000003792,2. < 1% (several indivs),C,NA,NA
120543,Rumex patientia,12000517,6927265,06/06/2019,NBNSYS0000003786,1. < 1% (1-2 indivs),C,NA,NA
120545,Rumex salicifolius,11276630,6459439,07/08/2019,NHMSYS0000462993,3. 1-4%,C,NA,NA
121280,Salix caprea x aurita = S. x capreola,12066197,6974102,10/05/2019,NHMSYS0001754399,1. < 1% (1-2 indivs),V,NA,NA
121281,Salix caprea x aurita = S. x capreola,12066310,6974241,13/07/2019,NHMSYS0001754399,1. < 1% (1-2 indivs),V,NA,NA
122416,Scandix pecten-veneris,10422543,5909801,19/05/2019,NBNSYS0000003643,3. 1-4%,C,NA,NA
122417,Schedonnardus,11198555,6414956,14/05/2019,NHMSYS0000463271,3. 1-4%,C,NA,NA
124458,Sesleria,11537383,6607661,12/07/2019,NHMSYS0000463474,6. 26-33%,C,NA,NA
124459,Sesleria,11537735,6607798,12/07/2019,NHMSYS0000463474,5. 11-25%,C,NA,NA
124555,Silene acaulis,12049726,6963147,25/05/2019,NBNSYS0000002992,3. 1-4%,V,NA,NA
124556,Silene acaulis,12049526,6963068,25/05/2019,NBNSYS0000002992,1. < 1% (1-2 indivs),V,NA,NA
125622,Silene latifolia x dioica = S. x hampeana,10093183,5626784,12/05/2019,NHMSYS0001754482,1. < 1% (1-2 indivs),V,NA,NA
127368,Sparganium emersum/erectum,12192416,7058710,10/08/2019,NHMSYS0021130749,4. 5-10%,V,NA,NA
129662,Stellaria pallida,11855598,6826343,21/06/2019,NHMSYS0000464011,2. < 1% (several indivs),C,NA,NA
130051,Symphoricarpos,12008105,6932246,19/05/2019,NHMSYS0000464103,4. 5-10%,C,NA,NA
130052,Symphoricarpos,12008159,6932270,21/07/2019,NHMSYS0000464103,4. 5-10%,C,NA,NA
131838,Taraxacum sect. vulgaria,12164353,7035393,18/08/2019,NHMSYS0020083541,3. 1-4%,C,NA,NA
131839,Taraxacum sect. vulgaria,12164410,7035431,20/08/2019,NHMSYS0020083541,3. 1-4%,C,NA,NA
131840,Taraxacum sect. vulgaria,12164475,7035448,20/08/2019,NHMSYS0020083541,3. 1-4%,C,NA,NA
132577,Thymus pulegioides,11719313,6720616,27/08/2019,NBNSYS0000004208,3. 1-4%,C,NA,NA
132578,Thymus pulegioides,10203194,5712622,09/05/2019,NBNSYS0000004208,3. 1-4%,C,NA,NA
133384,Trifolium constantinopolitanum,12143830,7023210,19/06/2019,NBNSYS0000014415,2. < 1% (several indivs),C,NA,NA
133385,Trifolium constantinopolitanum,12103681,6996240,05/06/2019,NBNSYS0000014415,4. 5-10%,C,NA,NA
133386,Trifolium constantinopolitanum,12143956,7023221,26/08/2019,NBNSYS0000014415,3. 1-4%,C,NA,NA
133387,Trifolium constantinopolitanum,11895879,6852403,18/09/2019,NBNSYS0000014415,1. < 1% (1-2 indivs),C,NA,NA
133388,Trifolium constantinopolitanum,12664831,7449996,01/06/2019,NBNSYS0000014415,2. < 1% (several indivs),C,NA,NA
134901,Trifolium purpureum,12078146,6984603,30/08/2019,NHMSYS0000464582,3. 1-4%,C,NA,NA
134902,Trifolium purpureum,12077969,6984578,26/06/2019,NHMSYS0000464582,3. 1-4%,C,NA,NA
138338,Ulmus minor,11943286,6887348,20/05/2019,NHMSYS0100003177,1. < 1% (1-2 indivs),C,NA,NA
143731,Vaccinium corymbosum,11884308,6846155,01/08/2019,NBNSYS0000033466,4. 5-10%,C,NA,NA
146818,Veronica spicata,11094268,6340430,14/07/2019,NBNSYS0000004105,1. < 1% (1-2 indivs),C,NA,NA
149444,Zostera,12049994,6963230,31/08/2019,NHMSYS0021060374,3. 1-4%,C,NA,NA
149445,Zostera,12049580,6963083,23/05/2019,NHMSYS0021060374,3. 1-4%,C,NA,NA
